李贮运保鲜与加工|属于|食品加工领域|1|0
李果实|含有|酚类物质|1|1
酚类物质|包括|酚酸、黄烷醇、黄酮醇和花青苷|1|2
新绿原酸|属于|酚酸类物质|1|3
绿原酸|属于|酚酸类物质|1|4
儿茶素|属于|黄烷醇类物质|1|5
表儿茶素|属于|黄烷醇类物质|1|6
芦丁|属于|黄酮醇类物质|1|7
矢车菊素-3-葡萄糖苷|属于|花青苷物质|1|8
矢车菊素-3-芸香糖苷|属于|花青苷物质|1|9
芍药素-3-葡萄糖苷|属于|花青苷物质|1|10
芍药素-3-芸香糖苷|属于|花青苷物质|1|11
总酚含量|测定|福林-酚法|1|12
吸光度值|测定|总酚含量|1|13
单体酚|测定|高效液相色谱法|1|14
出汁率|反映|李的制汁特性|1|15
李|属于|核果类水果|1|16
褐变度|测定|美拉德反应|1|17
抗坏血酸降解|属于|非酶促褐变|1|18
酚类化合物的氧化聚合|属于|非酶促褐变|1|19
李高效生产及绿色防控技术|属于|农业技术|10|20,77,116,263,556,631,1410,2114,2473,2686
李|属于|水果类|5|21,532,1077,1309,1450
吸光度值|属于|物理量|1|22
果汁|具有|非牛顿特性|1|23
屈服值|属于|物理量|1|24
塑性流体|属于|流体类型|1|25
牛顿流体|属于|流体类型|1|26
李果汁|黏度|受品种影响|1|27
李果汁|黏度|受成熟度影响|1|28
李果汁|加工适宜性|评价|1|29
李果汁|采收期|评估|1|30
重庆巫山脆李|感官指标|基本要求：果实完整|1|31
重庆巫山脆李|感官指标|基本要求：色泽纯正|1|32
重庆巫山脆李|感官指标|基本要求：新鲜洁净|1|33
重庆巫山脆李|感官指标|基本要求：无病虫刺伤|1|34
重庆巫山脆李|感官指标|基本要求：果面特有的白色粉层明显|1|35
重庆巫山脆李|感官指标|基本要求：平均单果重35克|1|36
重庆巫山脆李|感官指标|基本要求：整齐度好|1|37
重庆巫山脆李|感官指标|色泽：果皮绿色或黄绿色|1|38
重庆巫山脆李|感官指标|风味：肉质脆嫩|1|39
重庆巫山脆李|感官指标|风味：汁多味香|1|40
重庆巫山脆李|感官指标|风味：酸甜适度|1|41
重庆巫山脆李|感官指标|形态：果形端正|1|42
重庆巫山脆李|感官指标|形态：近圆形|1|43
重庆巫山脆李|感官指标|形态：缝合线明显|1|44
重庆巫山脆李|感官指标|形态：离核|1|45
重庆巫山脆李|理化指标|可溶性固形物：≥12|1|46
重庆巫山脆李|理化指标|可滴定酸：<0.9|1|47
重庆巫山脆李|理化指标|可食率：≥96|1|48
重庆巫山脆李|分级指标|特级果：单果重大于45克|1|49
重庆巫山脆李|分级指标|特级果：果形端正|1|50
重庆巫山脆李|分级指标|特级果：酸甜适口|1|51
重庆巫山脆李|分级指标|特级果：脆嫩化渣|1|52
重庆巫山脆李|分级指标|特级果：汁多味香|1|53
重庆巫山脆李|分级指标|特级果：果粉完整|1|54
重庆巫山脆李|分级指标|一级果：单果重在40到45克之间|1|55
重庆巫山脆李|分级指标|一级果：果形端正|1|56
重庆巫山脆李|分级指标|一级果：酸甜适口|1|57
重庆巫山脆李|分级指标|一级果：脆嫩化渣|1|58
重庆巫山脆李|分级指标|一级果：汁多味香|1|59
重庆巫山脆李|分级指标|一级果：果粉完整|1|60
李贮运保鲜与加工|属于|农业加工技术|1|61
李果实|属于|水果类|1|62
李果实加工|有利于|现代农业规模化、基地化、标准化、安全化|1|63
李果实加工|有利于|延长农业产业链、提升价值链、完善利益链|1|64
李果实加工|有利于|提高农村三产融合发展和新型城镇化水平|1|65
李果实加工|有利于|形成以工促农、以城带乡的长效反哺机制|1|66
果脯|作为|传统休闲食品|1|67
果脯|质地|柔软|1|68
果脯|味佳|形美|1|69
果脯|营养|方便|1|70
果脯|耐贮藏|广受消费者喜爱|1|71
低糖果脯|将成为|消费主流|1|72
清洗设备|包括|鼓泡清洗机、毛刷清洗机、强流除水机|1|73
预处理设备|包括|李果去核机或手持去核器|1|74
渗糖设备|包括|夹层锅或真空渗糖罐|1|75
干制设备|包括|烘房或烘箱(电热、红外线、微波、热泵等)|1|76
工艺流程|属于|李高效生产及绿色防控技术|1|78
原料|用于|工艺流程|1|79
清洗|属于|工艺流程|1|80
预处理|属于|工艺流程|1|81
制糖液|属于|工艺流程|1|82
渗糖|属于|工艺流程|1|83
干制|属于|工艺流程|1|84
操作要点|属于|工艺流程|1|85
原料|挑选|李高效生产及绿色防控技术|1|86
清洗|去除|污物|1|87
预处理|包括|含核型,去核型|1|88
制糖液|制备|李高效生产及绿色防控技术|1|89
渗糖|包括|煮制渗糖,真空渗糖|1|90
干制|用于|李高效生产及绿色防控技术|1|91
操作要点|指导|工艺流程|1|92
原料|要求|污染物和农药残留符合GB2762、GB2763的要求|1|93
清洗|使用|人工或水果清洗设备|1|94
预处理|包括|表面划纹处理,去核|1|95
制糖液|包含|白砂糖,填充剂,植酸或植酸钠,食盐,柠檬酸,亚硫酸氢钠|1|96
渗糖|需要|煮沸,糖渍|1|97
干制|控制|温度,时间|1|98
含核型|需要|表面划纹处理|1|99
去核型|需要|去核器,专用去核机|1|100
煮制渗糖|需要|煮沸,搅拌|1|101
真空渗糖|需要|温度,真空度,时间|1|102
糖渍|影响|李果脯质量|1|103
干制|需要|烘筛,温度控制|1|104
李贮运|属于|果脯加工|1|105
果脯|需要控制|含水量|1|106
干燥|影响|果脯质量|1|107
温度|影响|果脯干燥速率|1|108
李果脯|制作过程中|需要整形|1|109
果脯|可能|出现霉变|1|110
包装|可以采用|独立小包装|1|111
话李|属于|凉果类|1|112
话李|可以具有|甜、酸、咸等风味|1|113
话李|加工方法|基本相同|1|114
话李|可以|生津止渴|1|115
李果|属于|果实类|1|117
清洗设备|用于|清洗李果|2|118,264
预处理设备|用于|李果预处理|1|119
腌制脱盐实施|用于|李果腌制脱盐|1|120
脱水与干制设备|用于|李果脱水与干制|1|121
料液配置设备|用于|配置李果料液|1|122
李果|经过|清洗|1|123
李果|经过|预处理|1|124
李果|经过|腌制|1|125
李果|经过|脱水|1|126
李果|经过|浸制|1|127
李果|经过|烘干|1|128
李果|经过|包装|1|129
李果|属于|话李成品|1|130
红心李品种|属于|李果品种|1|131
GB2762|规定|污染物限量|1|132
GB2763|规定|农药残留限量|1|133
李果|具有|果皮|1|134
打皮机|用于|打皮|1|135
砂轮|用于|打伤李果皮|1|136
有钉木板|用于|打伤李果皮|1|137
腌制|可以|实现周年原料供应|1|138
腌制|可以|统一风味|1|139
湿法腌制|用于|去除李果苦涩味|1|140
干法腌制|用于|去除李果苦涩味|1|141
李果|沉没|盐水|1|142
塑料薄膜|用于|覆盖李果腌制|1|143
重物|用于|防止李果上浮|1|144
腌制时间|为|20~30天|1|145
乳酸发酵|用于|去除李果苦涩味|1|146
层果层盐|用于|干法腌制|1|147
盐用量|占|李果质量|1|148
腌制时间|为|3~4周|1|149
李贮运|属于|水果加工|1|150
李贮运|需要|干燥处理|1|151
李贮运|需要|脱盐处理|1|152
李贮运|需要|脱水处理|1|153
李贮运|需要|料液配制|1|154
李贮运|需要|浸制处理|1|155
李贮运|需要|干制处理|1|156
李贮运|需要|成品包装|1|157
李贮运|质量要求|感官要求|1|158
李贮运|质量要求|理化指标|1|159
李贮运|质量要求|污染物限量|1|160
李果酒|原料|李果实|1|161
李果酒|生产工艺|清洗|1|162
李果酒|生产工艺|打浆制汁|1|163
李果酒|生产工艺|成分调整|1|164
李果酒|生产工艺|酵母发酵|1|165
李果酒|生产工艺|过滤澄清|1|166
李果酒|生产工艺|陈酿|1|167
李果酒|生产工艺|澄清处理|1|168
李果酒|生产工艺|成分调配|1|169
李果酒|生产工艺|封缸贮藏|1|170
李果酒|生产工艺|过滤灌装封装|1|171
李果酒|功效|改善心脑血管功能|1|172
李果酒|功效|促进机体新陈代谢|1|173
李果酒|功效|治疗高血压|1|174
李果酒|功效|预防动脉硬化|1|175
次氯酸钠|用途|清洗李果实|1|176
定量液体灌装机|用途|灌装封口|1|177
李贮运|属于|果蔬保鲜与加工技术|1|178
果酒酵母|活化|至表面产生大量泡沫|1|179
打浆制汁|使用|双道打浆机或其他去核打浆机|1|180
酵母|加入|发酵容器|1|181
发酵|温度|20~22℃|1|182
发酵时间|主发酵时间|14天左右|1|183
硅藻土过滤机|用于|过滤澄清|1|184
陈酿|温度|20~22℃|1|185
陈酿时间|陈酿|一段时间|1|186
果酒糖|调配|果酒|1|187
果酒|理化指标|酒精度10%~14%|1|188
果酒|理化指标|甲醇≤0.4克/升|1|189
果酒|理化指标|可滴定酸度(以酒石酸计)4.0~9.0克/升|1|190
果酒|理化指标|挥发酸(以乙酸计)≤1.5克/升|1|191
果酒|理化指标|总糖(以葡萄糖计)干型≤4.0克/升,半干型4.1~12.0克/升,半甜型12.1~45.0克/升,甜型≥45.1克/升|1|192
李果酒|预防|疾病|1|193
李果|属于|水果类|2|194,262
李罐头|加工|清洗设备|1|195
李罐头|加工|去皮去核设施设备|1|196
李罐头|加工|预煮设备|1|197
李罐头|加工|计量设备|1|198
李罐头|加工|封罐设备|1|199
李罐头|加工|杀菌设备|1|200
李果|清洗|灰尘|1|201
李果|清洗|污物|1|202
李果|清洗|腐叶|1|203
李果|去皮漂洗|氢氧化钠溶液|1|204
李果|去核|半自动去核设备|1|205
李果|去核|人工去核器|1|206
李罐头|检验|37℃下保温7天|1|207
李罐头|质量标准|符合GB2762、GB2763要求|1|208
李贮运|属于|果品加工|1|209
预煮|属于|李贮运的加工步骤|1|210
食盐水|用于|护色|1|211
清水|用于|淘洗|1|212
果肉|被|预煮|1|213
热水|用于|预煮和浸洗|1|214
预煮时间|设置为|3~5分钟|1|215
热水中浸洗|用于|去杂|1|216
装罐|属于|李贮运的加工步骤|1|217
产品规格|用于|计量|1|218
产品标准|包含|固形物含量要求|1|219
装罐时间|设置为|趁热|1|220
注糖水|属于|李贮运的加工步骤|1|221
蔗糖溶液|用于|注糖水|1|222
糖水质量分数|设置为|40%|1|223
纱布|用于|过滤糖水|1|224
真空封口|属于|李贮运的加工步骤|1|225
真空封口机|用于|密封|1|226
抽空时间|设置为|3~5秒|1|227
真空度|设置为|0.8~0.9兆帕|1|228
杀菌冷却|属于|李贮运的加工步骤|1|229
杀菌温度|控制在|95~100℃|1|230
降温时间|需要|避免过快|1|231
产品|需要|降至40℃以下才能取出|1|232
检验入库|属于|李贮运的加工步骤|1|233
保温时间|设置为|7天|1|234
入库|是|检验合格后的操作|1|235
感官指标|是|产品质量要求的一部分|1|236
黄色|是|果肉的色泽|1|237
糖水透明|是|糖水的特征|1|238
香味|是|李的滋味与气味的一部分|1|239
酸甜适口|是|李的滋味与气味的一部分|1|240
无异味|是|李的滋味与气味的要求|1|241
形态完整|是|李的要求|1|242
去皮|是|李的要求|1|243
大小均匀|是|李的要求|1|244
无机械伤和斑点|是|李的要求|1|245
果肉软硬适度|是|李的要求|1|246
理化指标|是|产品质量要求的一部分|1|247
糖水浓度|设置为|12%~36%|1|248
固形物含量|不低于|产品标准要求|1|249
污染物限量|应符合|GB2762的规定|1|250
微生物限量|应符合|罐头食品商业无菌要求|1|251
致病菌|不得检出|微生物限量要求|1|252
李果脆片|属于|果品加工产品|1|253
清洗|是|李果脆片的加工步骤|1|254
去核切片|是|李果脆片的加工步骤|1|255
预冻处理|是|李果脆片的加工步骤|1|256
真空冻干设备|用于|冻干李果脆片|1|257
冻干|是|李果脆片的加工步骤|1|258
分级|是|李果脆片的加工步骤|1|259
包装|是|李果脆片的加工步骤|1|260
成品|是|李果脆片的最终形态|1|261
去核机|属于|去核、切片设备|1|265
预冻设备|用于|预冻李果|1|266
干制设备|用于|干制李果|1|267
包装设备|用于|包装李果|1|268
原料|需要|清洗|1|269
清洗|需要|清洗设备|1|270
去核|需要|去核机|1|271
切片|需要|果蔬切片机|1|272
预冻|需要|预冻设备|1|273
冻干|需要|干制设备|1|274
分拣|需要|分拣设备|1|275
包装|需要|包装设备|1|276
李果实|适用|原料|1|277
隧道速冻机|属于|预冻设备|1|278
低温冻库|属于|预冻设备|1|279
果蔬充氮包装机|属于|包装设备|1|280
完熟李果实|需要|原料|1|281
组织未软化李果实|需要|原料|1|282
无疤痕李果实|需要|原料|1|283
无损伤李果实|需要|原料|1|284
无腐烂褐变李果实|需要|原料|1|285
硬脆度李果实|需要|原料|1|286
可溶性固形物含量|需要|原料|1|287
李贮运|属于|果蔬保鲜与加工|1|288
李果酱|使用原料|李|1|289
李果酱|需要去除|腐烂李、褐变李、发酵李|1|290
李果酱|需要去除|树叶|1|291
李果酱|需要去除|树枝|1|292
李果酱|需要去除|异物|1|293
李果酱|加工设备|气泡清洗机|1|294
李果酱|加工设备|毛刷清洗机|1|295
李果酱|加工设备|强流除水机|1|296
李果酱|加工设备|玻璃瓶清洗机|1|297
李果酱|加工设备|双道去皮去核打浆机|1|298
李果酱|加工设备|可倾式自动搅拌夹层锅|1|299
李果酱|加工设备|全自动计量酱料灌装机|1|300
李果酱|加工设备|半自动酱料灌装机|1|301
李果酱|加工设备|玻璃瓶真空封口机|1|302
李果酱|加工设备|喷淋杀菌机|1|303
李果酱|加工流程|原料挑选|1|304
李果酱|加工流程|原料清洗|1|305
李果酱|加工流程|打浆|1|306
李果酱|加工流程|调配|1|307
李果酱|加工流程|加热浓缩|1|308
李果酱|加工流程|装罐密封|1|309
李果酱|加工流程|杀菌|1|310
李果酱|加工流程|冷却|1|311
李果酱|加工流程|包装|1|312
李果酱|质量要求|感官指标|1|313
李果酱|质量要求|理化指标|1|314
李果酱|质量要求|污染物限量|1|315
李果酱|质量要求|微生物限量|1|316
李高效|生产|绿色防控技术|5|317,1856,2241,2293,2596
李高效|采用|果蔬专用清洗设备|1|318
李高效|清洗|表面灰尘|1|319
李高效|清洗|腐叶|1|320
李高效|清洗|虫卵|1|321
李高效|清洗|污物|1|322
清洗用水|符合|GB5749|1|323
李高效|采用|仁果打浆机|1|324
仁果打浆机|将|李打成原浆|1|325
原浆|添加|D-异抗坏血酸钠|1|326
原浆|添加|乙二胺四乙酸二钠|1|327
李高效|加热|浓缩|1|328
原浆|加入|白砂糖|1|329
原浆|加入|稳定增稠剂|1|330
稳定增稠剂|包括|果胶|1|331
稳定增稠剂|包括|黄原胶|1|332
稳定增稠剂|包括|结冷胶|1|333
李高效|控制|温度|1|334
李高效|不断搅拌|浓缩|1|335
李高效|浓缩|至流体状|1|336
李高效|洗瓶|带包膜玻璃瓶|1|337
李高效|清洗|清水|1|338
李高效|沥干|去水|1|339
李高效|灌装|工序|1|340
李高效|封口|时间不超过30分钟|1|341
果酱|封口|温度在80℃以上|1|342
李高效|杀菌|温度100℃|1|343
李高效|杀菌|时间20~30分钟|1|344
李高效|水冷却|至38℃以下|1|345
产品质量|要求|感官指标|1|346
产品质量|要求|理化指标|1|347
产品质量|要求|污染物限量|1|348
产品质量|要求|微生物限量|1|349
GB2762|符合|污染物限量|1|350
李贮运|保鲜与加工|主要参考文献|1|351
李贮运|研究|孟坤|2|352,361
李贮运|研究|余德亿|1|353
李贮运|研究|赵镭|1|354
李贮运|研究|汪厚银|1|355
李贮运|研究|刘文|1|356
李贮运|研究|曹建康|1|357
李贮运|研究|姜微波|1|358
李贮运|研究|赵玉梅|1|359
李贮运|研究|程云清|1|360
李贮运|研究|黄鹏|1|362
李贮运|研究|方大琳|1|363
李贮运|研究|郑永华|1|364
李贮运|研究|Stone H|1|365
李贮运|研究|Side JL|1|366
李贮运|研究|陈中|1|367
李贮运|研究|陈志敏|1|368
小绿叶蝉|属于|同翅目叶蝉科|1|369
李树|遭受|小绿叶蝉危害|1|370
苦参碱乳油|防治|害虫|1|371
甲维·吡虫啉可溶液剂|注入|树木|1|372
球孢白僵菌可湿性粉剂|防治|成虫|1|373
噻虫啉微囊悬浮剂|防治|害虫|1|374
小绿叶蝉|繁殖|卵|1|375
小绿叶蝉|生命周期|1年10代|1|376
小绿叶蝉|活动时间|白天|1|377
小绿叶蝉|排泄|蜜露|1|378
平均气温|影响|小绿叶蝉生长发育|1|379
连阴雨|影响|小绿叶蝉繁殖|1|380
李树生长季|特征|发生期不整齐致世代重叠|1|381
小绿叶蝉|危害|叶片 黄白色斑点|1|382
李树|遭受|大青叶蝉危害|2|383,397
大青叶蝉|属于|同翅目叶蝉科|1|384
越冬|进行|成虫|1|385
成虫|产生|卵|1|386
卵|孵化|若虫|2|387,3389
若虫|转移|寄主|1|388
寄主|繁殖|后代|1|389
李园|套种|蔬菜|1|390
李园|套种|草|1|391
大青叶蝉|趋光性|强|1|392
大青叶蝉|天敌|蜘蛛|1|393
大青叶蝉|天敌|赤眼蜂|1|394
大青叶蝉|天敌|叶蝉柄翅卵蜂|1|395
大青叶蝉|危害|李树|1|396
李矮缩病毒|外壳蛋白基因克隆及原核表达|研究|1|398
李属坏死环斑病毒|遗传多样性分析及致病相关基因鉴定|研究|1|399
桃蛀螟|危害|桃树|1|400
桃树|遭受|桃蛀螟危害|1|401
桃潜叶蛾|发生规律及综合防治措施|研究|1|402
李红点病|发生及防治|研究|1|403
李病虫害防治|属于|农业技术|3|404,2255,2514
刘露|研究|根癌防治|1|405
陆卫明|合作|程艳墉|1|406
吕佩珂|合作|苏惠兰|1|407
王浩|合作|万方浩|1|408
王剑荣|研究|李霉斑穿孔病|1|409
王小银|合作|王强荣|1|410
王晓方|研究|黑李枝腐病因|1|411
许长新|合作|焦蕊|1|412
杨华|合作|彭玉基|1|413
张广仁|合作|李广旭|1|414
张瑞珠|研究|李树褐腐病|1|415
李|属于|果实类植物|2|416,483
   李|采收|巫山脆李|1|417
   巫山脆李|在采收后|进行贮运|1|418
   李|在采收后|进行呼吸作用|1|419
   李|在采收后|进行蒸腾作用|1|420
   李|贮存|营养和水分|1|421
   李|货架期|受环境温度影响|1|422
   李|商品性|受环境温度影响|1|423
   李|市场供应周期|受贮藏影响|1|424
   采收前因素|包括|栽培环境、施肥、灌溉、病虫害防治|1|425
   规范管理的果园|具有|更高的栽培环境要求|1|426
   规范管理的果园|农药和化肥使用|更规范|1|427
   规范管理的果园|果园病虫害发生率|更低|1|428
   规范管理的果园|产出的李品质|更好|1|429
   规范管理的果园|李的贮藏性|更强|1|430
   采收前10天|注意|控制土壤水分含量|1|431
   采收果实污染物限量|应符合|《食品安全国家标准食品中污染物限量》(GB2762)|1|432
   采收果实农药残留限量|应符合|《食品安全国家标准食品中农药最大残留限量》(GB2763)|1|433
李贮运保鲜与加工|属于|水果保鲜与加工技术|1|434
李|采收|成熟期|1|435
采收期|影响|果实品质|1|436
采收期|影响|贮运效果|1|437
果皮颜色|用于|判断采收期|1|438
果实生长发育期|用于|判断采收期|1|439
青脆李|成熟期|硬熟期|1|440
青脆李|成熟期|完熟期|1|441
采收成熟度|影响|果实口感品质|1|442
采收成熟度|影响|果实贮藏期|1|443
早熟品种|耐贮藏性|低|1|444
中晚熟品种|耐贮藏性|高|1|445
晴天气温较低时|适合|采收|1|446
阴天|适合|采收|1|447
雨天|不适合|采收|1|448
露(雨)水未干|不适合|采收|1|449
高温时段|不适合|采收|1|450
采摘操作|影响|果实完整性|1|451
采摘操作|影响|果实病菌侵入|1|452
分批分次采收|影响|产量|1|453
分批分次采收|影响|品质|1|454
分批分次采收|影响|耐贮性|1|455
采收筐|垫有|软草|1|456
采收筐|垫有|纸屑|1|457
采收筐|垫有|布|1|458
塑料周转筐|用于|采后李的周转|1|459
阴凉处|适合|放置采后的李|1|460
太阳直晒|避免|采后的李|1|461
预冷|影响|果实入库|1|462
李|属于|果实类别|1|463
采后处理|包括|分选、包装、预冷|1|464
分选|目的|剔除损伤果、畸形果、残次果|1|465
包装|目的|保护果实、减少摩擦、碰撞伤害|1|466
预冷|目的|快速降温、除去田间热和呼吸热、保持果实新鲜品质|1|467
李|采收季节|夏季|1|468
李|温度|高于25°C|1|469
预冷|作用|降低果实内部生理生化反应、减少营养成分消耗、减缓品质下降速度|1|470
李|属于|果实|2|471,511
预冷方法|应用于|李|1|472
自然冷风预冷|属于|预冷方法|1|473
库房空气预冷|属于|预冷方法|1|474
强制通风预冷|属于|预冷方法|1|475
压差预冷|属于|预冷方法|1|476
李|采用|自然冷风预冷|1|477
李|采用|库房空气预冷|1|478
李|采用|强制通风预冷|1|479
李|采用|压差预冷|1|480
隧道式预冷装置|用于|强制通风预冷|1|481
瓦楞纸箱|具有|通气孔|1|482
李|进行|呼吸作用|1|484
李|进行|乙烯合成|1|485
李|推迟|叶绿素降解|1|486
李|延缓|成熟和衰老|1|487
李|抑制|病原微生物繁殖|1|488
李|保持|品质|1|489
物理处理|应用|李保鲜|1|490
化学处理|应用|李保鲜|1|491
热激处理|属于|物理措施|1|492
冷冲击|属于|物理措施|1|493
变温|属于|物理措施|1|494
减压|属于|物理措施|1|495
氯化钙|属于|化学药剂|1|496
1-甲基环丙烯|属于|化学药剂|1|497
高锰酸钾|属于|化学药剂|1|498
多菌灵|属于|化学药剂|1|499
吸附|属于|化学处理方式|1|500
浸泡|属于|化学处理方式|1|501
熏蒸|属于|化学处理方式|1|502
标准化|进行|化学药剂添加处理|1|503
李贮运|保鲜|温度控制|1|504
李贮运|保鲜|湿度控制|1|505
李贮运|保鲜|生物措施|1|506
李贮运|保鲜|涂膜处理|1|507
壳聚糖|属于|生物措施|1|508
魔芋精粉|属于|生物措施|1|509
疾病|预防|疫苗|1|510
温度|影响|李贮藏保鲜寿命|1|512
呼吸强度|与|温度高相关|1|513
冷害|影响|果实品质|1|514
贮藏库|管理|李贮运|1|515
库房|清洁|李贮运|1|516
设备|检修|贮藏库管理|1|517
库温|降低|入库前|1|518
李|分批入库|入库|1|519
库容总量|限制|入库量|1|520
空气循环方向|与|堆码走向一致|1|521
垫层|加厚|垛底|1|522
遮盖|防止|冷害|1|523
通风换气|作用|贮藏过程|1|524
二氧化碳|排除|贮藏过程|1|525
乙烯|排除|贮藏过程|1|526
库内温度|监控|贮藏过程|1|527
库内湿度|监控|贮藏过程|1|528
李|检测|贮藏过程|1|529
贮藏温度|建议|0~1℃|1|530
贮藏温度|波动|减少|1|531
李|需要|控制贮藏湿度|1|533
李|需要|控制气体成分|1|534
贮藏湿度|控制|85%~95%|1|535
气体成分|控制|氧气浓度3%~5%，二氧化碳浓度不超过8%|1|536
运输|目的是|调节产品市场需求，满足不同地域物资需求|1|537
李|是|具有生命的活体物质|1|538
运输条件|影响|李的品质和新鲜度|1|539
李贮运|需要|适宜的低温运输|1|540
李贮运|需要|保持振动小|1|541
李贮运|需要|保持湿度条件|1|542
李贮运|需要|正确的装载与堆码|1|543
李贮运|避免|运输过程中的温度波动|1|544
李贮运|影响因素|运输方式|1|545
李贮运|影响因素|运输工具|1|546
李贮运|影响因素|货物放置位置|1|547
李贮运|影响因素|路面状况|1|548
李贮运|影响因素|码垛工作|1|549
李贮运|影响因素|野蛮装卸|1|550
李贮运|影响因素|空气干燥程度|1|551
李贮运|影响因素|加湿装置|1|552
李贮运|影响因素|温度波动|1|553
李贮运|影响因素|冻害|1|554
李贮运|影响因素|热害|1|555
温度|影响|果实腐烂速度|1|557
堆码|避免|紧靠冷藏车挡板|1|558
草席|作用|遮盖|1|559
运输卫生|需要|安全无害的运输工具|1|560
运输卫生|需要|清洁的运输工具|1|561
运输卫生|要求|防止果品被污染|1|562
运输卫生|要求|与其他非食用货物分开装运|1|563
李品质要求|随着|生活水平提高|1|564
李品质要求|随着|科技进步|1|565
李品质|包含|外观品质|1|566
李品质|包含|内在品质|1|567
李品质|包含|加工品质|1|568
感官品质分析|使用|视觉|1|569
感官品质分析|使用|嗅觉|1|570
感官品质分析|使用|触觉|1|571
感官品质分析|使用|味觉|1|572
感官品质分析|使用|听觉|1|573
果个大小|评价|果实品质|1|574
果形指数|评价|果实品质|1|575
果实质量|影响|产量|1|576
果实质量|影响|加工适应性|1|577
果实质量|影响|消费者接受程度|1|578
果实体积|评价|果实品质|1|579
李贮运保鲜与加工|属于|果实保鲜与加工技术|1|580
李|具有|果形指数|1|581
果形指数|测量工具|游标卡尺|1|582
果实色泽|影响因素|品种,成熟期|1|583
果实色泽|测定方法|色差计法|1|584
L*值|表示|亮度|1|585
a*值|表示|红绿|1|586
b*值|表示|黄蓝|1|587
芳香成分|影响因素|品种,采前因素,成熟度,采后因素|1|588
芳香成分|测定方法|顶空固相微萃取-气相色谱-质谱联用技术|1|589
芳香成分|测定方法|电子鼻|1|590
李|包含|2-乙基-1-己醇,正辛醇,己醛,壬醛,壬烯醛|1|591
果实硬度|测定方法|物性分析仪|1|592
果实硬度|测定方法|硬度计|1|593
果实硬度|测定方法|无损检测|1|594
李|影响|供应持续期,运输距离,经济效益|1|595
李果实|属于|水果|2|596,1057
可食率|代表|可食部分质量占比|1|597
重庆|拥有|脆李|1|598
脆李|可食率|95%~98%|1|599
糖|存在于|李果实|1|600
李果实|糖含量|受品种、栽培技术、气候条件和成熟度影响|1|601
李果实|有机酸含量|受品种、栽培技术、气候条件和成熟度影响|1|602
可滴定酸|测定方法|滴定法|1|603
可溶性固形物|含量|11%~16%|1|604
果胶|影响|果实硬度|1|605
果胶|存在部位|植物细胞壁和细胞内层|1|606
果胶|提取方法|酸水解法、微生物提取法等|1|607
酚类物质|抗氧化能力|能够延缓人体衰老|1|608
李果实|褐变|与酚类物质氧化相关|1|609
李产业|发展|中国|1|610
中国|栽培|李|1|611
李|历史|久远|1|612
原始居民|采食|李果|1|613
先民|种植|李|1|614
《诗经》|包含|李的诗句|1|615
《山海经》|记载|李|1|616
《尔雅》|记载|李品种|1|617
《广志》|记载|李品种|1|618
汉代|修|上林苑|1|619
《洛阳花木记》|记载|李品种|1|620
牛心李|品种名|沿用|1|621
新石器时代|李核|遗存|1|622
战国时代|李核|遗存|1|623
李果|采食|习惯|1|624
李|别名|嘉庆子|1|625
李干|生产|增多|1|626
李|特性|坚|1|627
李|实|晚|1|628
李|栽种|晚|1|629
《齐民要术》|记载|李特性|1|630
李树|使用|嫁接繁殖技术|1|632
嫁接繁殖技术|使用|桃砧木|1|633
嫁接繁殖技术|使用|李砧木|1|634
嫁接繁殖技术|使用|杏砧木|1|635
嫁接繁殖技术|使用|梅砧木|1|636
李树|成活率|与砧木种类相关|1|637
李树|寿命|与砧木种类相关|1|638
李树|果实风味|与砧木种类相关|1|639
李树|栽培距离|影响果实品质|1|640
李树|对环境因素的适应性|与果实产量和品质相关|1|641
《洛阳花木记》|记载|李的栽培技术|1|642
《洛阳花木记》|提出|李树栽培的注意事项|1|643
清代|时间|《槜李谱》撰写时期|1|644
《槜李谱》|是中国历史上|关于李的专著|1|645
《槜李谱》|内容|李的字义、栽种等技术|1|646
李树|大小年结果|与气候条件相关|1|647
李树|采摘时间|与果实成熟度相关|1|648
南方产区|包括|江苏、安徽、浙江等省份|1|649
南方产区|气候类型|亚热带至热带湿润季风气候|1|650
南方产区|降水量|年降水量一般在1000~1500毫米|1|651
李树|分布|几乎各省份均有野生或栽培|1|652
李树|垂直分布|最高可达海拔4000米|1|653
中国李|产区|南方产区、北方产区|1|654
南方产区|特点|李生产和加工的传统产区|1|655
北方产区|特点|鲜食李产区|1|656
李产业|发展|现状|1|657
中国李|属于|李产业|1|658
欧洲李|属于|李产业|1|659
美洲李|属于|李产业|1|660
樱桃李|属于|李产业|1|661
华东|栽培|中国李|1|662
华中|栽培|中国李|1|663
华南|栽培|中国李|1|664
福建|栽培|中国李|1|665
浙江|栽培|中国李|1|666
江西|栽培|中国李|1|667
湖南|栽培|中国李|1|668
广东|栽培|中国李|1|669
江苏|栽培|中国李|1|670
福建永泰|栽培|中国李|1|671
广东信宜|栽培|中国李|1|672
贵州|栽培|中国李|1|673
重庆|栽培|中国李|1|674
四川|栽培|中国李|1|675
云南昆明|栽培|中国李|1|676
江苏徐州|栽培|中国李|1|677
浙江东阳|栽培|中国李|1|678
贵州遵义|栽培|中国李|1|679
贵州铜仁|栽培|中国李|1|680
重庆巫山|栽培|中国李|1|681
四川宜宾|栽培|中国李|1|682
福建芙蓉李|属于|李品种|1|683
浙江槜李|属于|李品种|1|684
广东三华李|属于|李品种|1|685
广东南华李|属于|李品种|1|686
四川江安李|属于|李品种|1|687
四川青脆李|属于|李品种|1|688
四川脆红李|属于|李品种|1|689
李|耐受|高温|1|690
李|耐受|寒冷|1|691
李果实|特性|较大|1|692
李果实|特性|红肉类型|1|693
李产业|主要产地|江苏|1|694
李产业|主要产地|福建|1|695
李产业|主要产地|浙江|1|696
李产业|主要产地|江西|1|697
李产业|主要产地|湖南|1|698
李产业|主要产地|广东|1|699
李产业|主要产地|贵州|1|700
李产业|主要产地|重庆|1|701
李产业|主要产地|四川|1|702
李产业|主要产地|云南|1|703
李产业|用途|鲜食|1|704
北方产区|属于|李产业|1|705
东北|属于|北方产区|1|706
华北|属于|北方产区|1|707
西北|属于|北方产区|1|708
河北|属于|北方产区|1|709
河南|属于|北方产区|1|710
山东|属于|北方产区|1|711
山西|属于|北方产区|1|712
陕西|属于|北方产区|1|713
甘肃|属于|北方产区|1|714
青海|属于|北方产区|1|715
宁夏|属于|北方产区|1|716
新疆|属于|北方产区|1|717
温带大陆性气候|属于|生态条件|1|718
温带季风气候|属于|生态条件|1|719
李产业|区域分布|黑龙江|1|720
李产业|区域分布|辽宁|1|721
李产业|区域分布|吉林|1|722
李产业|区域分布|河北|1|723
李产业|区域分布|河南|1|724
李产业|区域分布|山东|1|725
李产业|区域分布|山西|1|726
李产业|区域分布|陕西|1|727
李产业|区域分布|甘肃|1|728
李产业|区域分布|青海|1|729
李产业|区域分布|宁夏|1|730
李产业|区域分布|新疆|1|731
李产业|生态条件|温带大陆性气候|1|732
李产业|生态条件|温带季风气候|1|733
李产业|季节分配|不均|1|734
李产业|降水量|少|1|735
李产业|春旱|严重|1|736
李高效生产及绿色防控技术|属于|农业生产技术|1|737
中国李|属于|李属植物|2|738,1146
欧洲李|属于|李属植物|2|739,1148
樱桃李|属于|李属植物|2|740,1151
美洲乌苏里李|属于|李属植物|1|741
东北地区|拥有|抗寒力强的李资源|1|742
华北地区|拥有|果实较大的李品种资源|1|743
新疆地区|主要栽培|欧洲李|1|744
西北地区（除新疆外）|主要栽培|中国李|1|745
辽宁锦西|栽培|李树|1|746
辽宁盖州|栽培|李树|1|747
河北易县|栽培|欧洲李|1|748
河北昌黎|栽培|欧洲李|1|749
山东莱阳|栽培|欧洲李|1|750
河南济源|栽培|欧洲李|1|751
新疆轮台|栽培|欧洲李|1|752
新疆和硕|栽培|欧洲李|1|753
新疆塔城|栽培|欧洲李|1|754
新疆伽师|栽培|欧洲李|1|755
新疆阿克苏|栽培|欧洲李|1|756
李属植物|品种资源|世界李属植物|1|757
中国果树志·李卷|载入|李属植物品种资源|1|758
辽宁果树科学研究所有限公司|进行|李杏资源调查和收集|1|759
市场需求|导致|李种植良种化|1|760
芙蓉李|属于|李品种|1|761
㮈李|属于|李品种|1|762
跃进李|属于|李品种|1|763
香蕉李|属于|李品种|1|764
槜李|属于|李品种|1|765
三华李|属于|李品种|1|766
东北三省|育成|李品种|1|767
新疆|育成|李品种|1|768
山西|育成|李品种|1|769
陕西|育成|李品种|1|770
广东|育成|李品种|1|771
六号李|母本|窑门李|1|772
六号李|父本|红干核|1|773
六号李|育成单位|吉林省农业科学院|1|774
六号李|育成时间|1956年|1|775
李产业|属于|农业|1|776
绥棱红|母本|小黄李|1|777
绥棱红|父本|福摩萨|1|778
绥棱红|研究机构|黑龙江省农业科学院浆果研究所|1|779
绥棱红|培育时间|1964年|1|780
奎冠|母本|窑门李|1|781
奎冠|研究机构|新疆奎屯农七师果树研究所|1|782
奎冠|培育时间|1969年|1|783
金吉李|品种|济源黄甘李|1|784
金吉李|研究机构|河南省林业科学研究院|1|785
金吉李|培育时间|1970年|1|786
绥李3号|母本|寺田李|1|787
绥李3号|研究机构|黑龙江省农业科学院浆果研究所|1|788
绥李3号|培育时间|1972年|1|789
奎丰|母本|窑门李|1|790
奎丰|研究机构|新疆奎屯农七师果树研究院|1|791
奎丰|培育时间|1975年|1|792
奎丽|母本|窑门李|1|793
奎丽|研究机构|新疆奎屯农七师果树研究所|1|794
奎丽|培育时间|1976年|1|795
长李7号|母本|六号李|1|796
长李7号|研究机构|长春市郊区铁北园艺试验站|1|797
长李7号|培育时间|1979年|1|798
长李17|母本|六号李|1|799
长李17|研究机构|长春市郊区铁北园艺试验站|1|800
长李17|培育时间|1979年|1|801
龙园蜜李|母本|横道河子大红李|1|802
龙园蜜李|父本|福摩萨|1|803
龙园蜜李|研究机构|黑龙江省农业科学院园艺研究所|1|804
龙园蜜李|培育时间|1980年|1|805
黄甘李1号|母本|黄甘李|1|806
黄甘李1号|研究机构|河南省济源市林业工作站|1|807
黄甘李1号|培育时间|1980年|1|808
矮甜李|母本|六号李|1|809
矮甜李|父本|福摩萨|1|810
矮甜李|研究机构|黑龙江省农业科学院牡丹江农业科学研究所|1|811
矮甜李|培育时间|1981年|1|812
牡丰李|母本|巴彦大红袍|1|813
牡丰李|父本|七月红|1|814
牡丰李|研究机构|黑龙江省农业科学院牡丹江农业科学院研究所|1|815
牡丰李|培育时间|1981年|1|816
长李84|母本|六号李|1|817
长李84|父本|西瓜李|1|818
长李84|研究机构|吉林省农业科学院果树研究所|1|819
长李84|培育时间|1981年|1|820
牡红甜李|母本|巴彦大红袍|1|821
牡红甜李|父本|七月红|1|822
牡红甜李|研究机构|黑龙江省农业科学院牡丹江农业科学研究所|1|823
牡红甜李|培育时间|1981年|1|824
龙园秋李|母本|九三杏梅|1|825
龙园秋李|父本|福摩萨|1|826
龙园秋李|研究机构|黑龙江省农业科学院园艺研究所|1|827
龙园秋李|培育时间|1982年|1|828
吉胜李|母本|血肉李|1|829
吉胜李|父本|绥李3号|1|830
吉胜李|研究机构|中国农业科学院特产研究所/吉林省舒兰市园艺研究所|1|831
吉胜李|培育时间|1982年|1|832
秋甜李|母本|黄水李|1|833
秋甜李|父本|小核李|1|834
秋甜李|研究机构|黑龙江省农业科学院牡丹江农业科学研究所|1|835
秋甜李|培育时间|1982年|1|836
龙园早李|母本|九三杏梅|1|837
龙园早李|父本|福摩萨|1|838
龙园早李|研究机构|黑龙江省农业科学院园艺分院|1|839
龙园早李|培育时间|1982年|1|840
李品种|母本|黄干核李|1|841
李品种|父本|福摩萨|1|842
李品种|研发机构|黑龙江省农业科学院园艺分院|2|843,884
李品种|研发时间|1982年|3|844,849,853
李品种|属于|植物|1|845
李品种|母本|早红袍|1|846
李品种|父本|绥棱红|1|847
李品种|研发机构|长春市郊区铁北园艺试验站|1|848
李品种|母本|血肉李|1|850
李品种|父本|绥李3号|1|851
李品种|研发机构|吉林省舒兰市福顺园艺试验场|1|852
李品种|母本|六号李|3|854,858,870
李品种|父本|西瓜李|2|855,859
李品种|研发机构|吉林省长春市农业科学院|2|856,864
李品种|研发时间|1983年|3|857,861,865
李品种|研发机构|新疆奎屯市果树研究所|1|860
李品种|母本|绥棱红|1|862
李品种|父本|美国李|1|863
李品种|母本|1号李|1|866
李品种|父本|大晚李|1|867
李品种|研发机构|吉林市丰满区园林果树场|1|868
李品种|研发时间|1984年|2|869,873
李品种|父本|大叶伏李|1|871
李品种|研发机构|吉林省农业科学院|3|872,900,912
李品种|母本|小黄李|1|874
李品种|父本|-|6|875,883,887,891,895,915
李品种|研发机构|沈阳市东陵区东祥果园|1|876
李品种|研发时间|1987年|1|877
李品种|母本|麦黄李|1|878
李品种|父本|三月甜|1|879
李品种|研发机构|湖北省当阳市|1|880
李品种|研发时间|1988年|3|881,885,889
李品种|母本|龙园蜜李|1|882
李品种|母本|中国李|2|886,902
李品种|研发机构|吉林省农业科学院果树研究所|3|888,904,908
李品种|母本|芙蓉李|1|890
李品种|研发机构|福建省永泰县农业局|1|892
李品种|研发时间|1989年|3|893,897,901
李品种|母本|幸运李|1|894
李品种|研发机构|西北农林科技大学园艺学院|1|896
李品种|母本|大紫李|1|898
李品种|父本|吉红李|1|899
李品种|父本|紫叶李|2|903,907
李品种|研发时间|1991年|3|905,909,913
李品种|母本|孔雀蛋实生|1|906
李品种|母本|吉红李|1|910
李品种|父本|吉林晚李|1|911
李品种|母本|SusinoPrecocedelItalia|1|914
李品种|研发机构|山西省农业科学院|1|916
李品种|研发时间|-|1|917
业科学院果树研究所|培育|紫晶李|1|918
业科学院果树研究所|审定|金皇后杏李|1|919
苹果李|母本|广东华南李|1|920
苹果李|父本|江西芙蓉李|1|921
安农美李|母本|中国李|1|922
安农美李|培育|安农美李|1|923
红晶李|选育自|天目蜜李|1|924
红晶李|培育|红晶李|1|925
一品丹枫|母本|孔雀蛋实生|1|926
一品丹枫|父本|长春彩叶李|1|927
一品丹枫|培育|一品丹枫|1|928
金山李|母本|小黄李|1|929
金山李|培育|金山李|1|930
白脆鸡麻李|母本|三华李|1|931
白脆鸡麻李|培育|白脆鸡麻李|1|932
绥李5号|母本|绥李3号|1|933
绥李5号|父本|月光李|1|934
绥李5号|培育|绥李5号|1|935
金满堂|培育|金满堂|1|936
金满堂|品种|小黄干核|1|937
龙滩珍珠李|母本|野生李|1|938
龙滩珍珠李|培育|龙滩珍珠李|1|939
三红李子|培育自|中国李|1|940
三红李子|用途|观赏|1|941
华蜜大蜜李|母本|三华李|1|942
华蜜大蜜李|培育|华蜜大蜜李|1|943
将军红李|培育|将军红李|1|944
将军红李|品种|地方品种|1|945
绥江|母本|半边红李|1|946
绥江|培育|绥江|1|947
岳寒红叶|母本|变叶李|1|948
岳寒红叶|父本|长李15|1|949
岳寒红叶|培育|岳寒红叶|1|950
南阳|母本|中国李|1|951
南阳|培育|南阳|1|952
品种|属于|果树|1|953
57大红李L0630|属于|品种|1|954
57大红李L0630|培育|江苏省沿江地区农业科学研究所|1|955
58秋香李|属于|品种|1|956
58秋香李|培育|辽宁省果树研究所|1|957
59歪嘴李|属于|品种|1|958
59歪嘴李|培育|重庆市渝北区果经技术推广站|1|959
60松祥桃李|属于|品种|1|960
60松祥桃李|培育|吉林省舒兰市园艺研究所|1|961
61岭溪李|属于|品种|1|962
61岭溪李|培育|华南农业大学园艺学院|1|963
62迟花芙蓉李|属于|品种|1|964
62迟花芙蓉李|培育|福建省永泰县经济作物站|1|965
63森果红露|属于|品种|1|966
63森果红露|培育|山东农业大学|1|967
64国美|属于|品种|1|968
64国美|培育|辽宁省果树科学研究所|1|969
65华秀李|属于|品种|1|970
65华秀李|培育|江苏省东海县牛山果树综合实验场|1|971
66味馨|属于|品种|1|972
66味馨|培育|中国林业科学院|1|973
67晚金玉|属于|品种|1|974
67晚金玉|培育|吉林省农业科学院果树研究所|1|975
68巫山脆李|属于|品种|1|976
68巫山脆李|培育|巫山县果品产业发展中心|1|977
69金翠李|属于|品种|1|978
69金翠李|培育|开县果品技术推广站|1|979
70吉中大|属于|品种|1|980
70吉中大|培育|吉林省农业科学院果树研究所|1|981
71粉黛脆李|属于|品种|1|982
71粉黛脆李|培育|重庆市万州区果树技术推广站|1|983
72晚霜脆李|属于|品种|1|984
72晚霜脆李|培育|重庆市万州区果树技术推广站|1|985
73中李3号|属于|品种|1|986
73中李3号|培育|中国农业科学院郑州果树研究所|1|987
74兴华李|属于|品种|1|988
74兴华李|培育|华南农业大学园艺学院|1|989
75晚黄金|属于|品种|1|990
75晚黄金|培育|福建省农业科学院果树研究所|1|991
中国李|属于|果树|1|992
李|属于|中国李|1|993
李|属于|豆李|1|994
李|属于|苦李|1|995
中国李|分布中心|中国|1|996
中国李|起源中心|中国|1|997
李|考察|科研单位|1|998
李|考察|大专院校|1|999
李|资源|保存|1|1000
李|资源|鉴定|1|1001
李|资源|评价|1|1002
李|资源|收集|1|1003
李属资源|保存|国家果树种质熊岳李杏圃|1|1004
李属资源|种类|9个种|1|1005
李属资源|数量|734份|1|1006
李属资源|考察|张加延|1|1007
李属资源|考察|郭忠仁|1|1008
李属资源|分布|云南西双版纳地区|1|1009
李属资源|分布|贵州省盘县（现盘州）|1|1010
李属资源|分布|云南泸水|1|1011
李属资源|分布|云南祥云|1|1012
李属资源|分布|云南中甸|1|1013
李属资源|分布|黔南山区|1|1014
李属资源|分布|广东北江上游地区|1|1015
李|品种|多|1|1016
李|分布|广|1|1017
李|类型|豆李|1|1018
李|类型|苦李|1|1019
李|耐湿热|耐|1|1020
李|需冷量|小于600小时|1|1021
李|驯化|长期|1|1022
李|驯化|逐渐|1|1023
李|研究|辽宁省果树科学研究所|1|1024
李|资源圃|国家果树种质资源圃|1|1025
李|资源圃|熊岳李杏圃|1|1026
李|栽培|零星|1|1027
李|栽培|现代商品性生产|1|1028
李|栽培|落叶果树|1|1029
李|栽培|中国李|1|1030
李|产量|700.38万吨|1|1031
李|栽培面积|210.91万公顷|1|1032
李|栽培面积|世界第一位|1|1033
李|栽培面积|中国|1|1034
李|栽培面积|长期|1|1035
李|栽培面积|第一位|1|1036
李|栽培面积|落叶果树|1|1037
李|栽培面积|中国李|1|1038
李品种|分布|东北高寒地区|1|1039
李品种|多样性|中国李丰富|1|1040
李品种|分类|南方品种群，北方品种群|1|1041
李品种|亲缘关系|南方品种群，北方品种群|1|1042
李品种|育种|布尔班克|1|1043
李品种|人工杂交育种|Pluot、Plumcot和Aprium|1|1044
李品种|引进|恐龙蛋、味帝、风味皇后|1|1045
李品种|遗传育种研究|窑门李，红干核，单株六号李(跃进李)|1|1046
李品种|育种研究|绥棱红，绥李|1|1047
李高效生产及绿色防控技术|研究|辽宁省果树科学研究所|1|1048
李品种|选育|国美|1|1049
李品种|选育|国丽|1|1050
李品种|选育|国峰|1|1051
李品种|改良|地方品种与国外品种杂交|1|1052
糖|主要成分|李果实|1|1053
李产业|属于|水果产业|1|1054
李果实|含有|糖类|1|1055
李果实|含有|维生素C|1|1056
钾|影响|李果实品质|1|1058
乙烯利|防止|李裂果|1|1059
赤霉素|促进|果皮增长|1|1060
干旱|影响|李生长|1|1061
李果实|采收|成熟度|1|1062
1-甲基环丙烯|抑制|呼吸作用|1|1063
1-甲基环丙烯|抑制|乙烯释放速率|1|1064
李果实|贮藏|冷害|1|1065
李果实|贮藏|褐变|1|1066
重庆市|拥有|巫山县等37个涉农区县|1|1067
巫山县|位于|中国内陆西南部、长江上游、三峡库区腹心位置|1|1068
巫山县|拥有|脆李品牌种植区|1|1069
脆李|栽培面积|4.39万公顷|1|1070
脆李|产量|30.3万吨|1|1071
脆李|产值|22.26亿元|1|1072
脆李|属于|巫山脆李品牌|1|1073
巫溪县、奉节县、云阳县、开州区、万州区|属于|巫山脆李品牌种植区|1|1074
重庆|气候类型|亚热带季风湿润气候|1|1075
重庆|适宜|柑橘、李等水果的栽培|1|1076
重庆市|李栽培面积|9.59万公顷|1|1078
重庆市|李产量|68.7万吨|1|1079
李|年均增长率|21%以上|1|1080
巫山脆李|属于|库区支撑脱贫增收、提升农业产业效益的优势特色产业之一|1|1081
巫山脆李|地理区位|巫山县为中心，包括巫溪县、奉节县、云阳县、开州区、万州区等区县|1|1082
巫山脆李|气候条件|海拔500~1000米的库区|1|1083
巫山脆李|属于|李产业|1|1084
李产业|分布|海拔500~1000米|1|1085
巫山脆李|成熟期|7月上旬|1|1086
巫山脆李|产量|75万吨|1|1087
巫山脆李|销售压力|大|1|1088
巫山脆李|病虫害|红点病|1|1089
巫山脆李|病虫害|袋果病|1|1090
巫山脆李|病虫害|褐腐病|1|1091
巫山脆李|病虫害|银叶病|1|1092
巫山脆李|裂果问题|严重|1|1093
巫山脆李|气候影响|高温天气|1|1094
巫山脆李|商品性|受影响|1|1095
巫山脆李|货架期|受影响|1|1096
巫山脆李|种植经验|缺乏|1|1097
巫山脆李|经营者|年龄偏大|1|1098
巫山脆李|经营者|受教育程度不高|1|1099
巫山脆李|经营者|职业果农缺乏|1|1100
巫山脆李|现代化发展|不适应|1|1101
巫山脆李|技术落实|困难|1|1102
巫山脆李|劳动力|缺乏|1|1103
巫山脆李|生产管理|统一标准|1|1104
巫山脆李|产品|统一标准|1|1105
巫山脆李|公共品牌|统一|1|1106
巫山脆李|老果园改造|进行|1|1107
巫山脆李|标准园新建|进行|1|1108
巫山脆李|机械化|推广|1|1109
巫山脆李|管线化|推广|1|1110
巫山脆李|省力化|推广|1|1111
巫山脆李|区域规划|做好|1|1112
巫山脆李|熟期调控技术|推广|1|1113
巫山脆李|品种搭配|推广|1|1114
巫山脆李|新品种培育|推广|1|1115
巫山脆李|病虫害防控技术|推广|1|1116
巫山脆李|果实品质|保障|1|1117
巫山脆李|苗木病毒检测|推广|1|1118
巫山脆李|综合防治技术|推广|1|1119
巫山脆李|化学防治|推广|1|1120
巫山脆李|水肥管理|推广|1|1121
巫山脆李|土壤管理|推广|1|1122
李属植物|起源|中国长江流域|1|1123
中国李|别称|日本李|1|1124
中国李|分布|中国各省区|1|1125
中国李|著名品种|浙江栲李|1|1126
中国李|著名品种|福建㮈李|1|1127
中国李|著名品种|广东三华李|1|1128
中国李|著名品种|贵州蜂糖李|1|1129
中国李|著名品种|云南玫瑰李|1|1130
中国李|著名品种|四川脆红李|1|1131
中国李|著名品种|重庆青脆李|1|1132
中国李|著名品种|陕西玉皇李|1|1133
中国李|著名品种|山东平顶香|1|1134
中国李|著名品种|东北窑门李|1|1135
樱桃李|分布|欧亚大陆|1|1136
樱桃李|原产地|巴尔干半岛到高加索山区|1|1137
樱桃李|原产地|西亚地区|1|1138
樱桃李|野生群落|新疆伊犁河下游北岸|1|1139
杏李|原产地|中国华北|1|1140
杏李|原产地|中国西北东部|1|1141
杏李|是否有野生类型|未发现|1|1142
李属植物|属于|蔷薇科|1|1143
李属植物|属于|李亚科|1|1144
李属植物|分布于|北半球温带|1|1145
杏李|属于|李属植物|1|1147
美洲李|属于|李属植物|1|1149
加拿大李|属于|李属植物|1|1150
乌苏里李|属于|李属植物|1|1152
乌荆子李|属于|李属植物|1|1153
黑刺李|属于|李属植物|1|1154
欧洲李|起源|樱桃李|1|1155
欧洲李|起源|黑刺李|1|1156
李高效生产及绿色防控技术|属于|李属植物|1|1157
欧洲李|自然化|土耳其|1|1158
欧洲李|分布|新疆伊犁|1|1159
欧洲李|传播途径|丝绸之路|1|1160
李|属于|落叶乔木|1|1161
李|高|9~12米|1|1162
李|树冠形状|广圆形|1|1163
李|树皮颜色|灰褐色|1|1164
李|老枝颜色|紫褐色或红褐色|1|1165
李|小枝颜色|黄红色|1|1166
李|冬芽颜色|红紫色|1|1167
李|冬芽形状|卵圆形|1|1168
李|叶片形状|长圆倒卵形、长椭圆形、长圆卵形|1|1169
李|叶片长度|6~12厘米|1|1170
李|叶片宽度|3~5厘米|1|1171
李|叶片先端|渐尖、急尖或短尾尖|1|1172
李|叶片基部|楔形|1|1173
李|叶片边缘|圆钝重锯齿、单锯齿|1|1174
李|叶片幼时特点|齿尖带腺|1|1175
李|叶片颜色|深绿色|1|1176
李|叶片光泽|有光泽|1|1177
李|叶片侧脉|6~10对|1|1178
李|叶片主脉|与侧脉呈45°角|1|1179
李|叶片两面|无毛|1|1180
李|托叶形状|膜质、线形|1|1181
李|托叶先端|渐尖|1|1182
李|托叶边缘|有腺|1|1183
李|托叶时间|早落|1|1184
李|叶柄长度|1~2厘米|1|1185
李|叶柄特点|通常无毛|1|1186
李|花颜色|白色|1|1187
李|花瓣形状|长圆倒卵形|1|1188
李|花瓣基部|楔形|1|1189
李|花瓣脉纹|带紫色|1|1190
李|花瓣爪|短|1|1191
李|雄蕊数量|多数|1|1192
李|雄蕊花丝长度|长短不等|1|1193
李|雌蕊数量|1个|1|1194
李|柱头形状|盘状|1|1195
李|花柱长度|比雄蕊稍长|1|1196
李|果实形状|球形、卵球形或近圆锥形|1|1197
李|果实直径|3.5~5.0厘米（栽培品种可达7厘米）|1|1198
李|果实颜色|黄色或红色、绿色或紫色|1|1199
李|果实梗凹陷|陷入|1|1200
李|果实梗顶端|微尖|1|1201
李|果实基部|有纵沟|1|1202
李|果实外被|蜡粉|1|1203
李|核形状|卵圆形或长圆形|1|1204
李|核皱纹|有|1|1205
李|花期|4月|1|1206
李|果期|7—8月|1|1207
李|根系特点|浅根性|1|1208
李|吸收根分布深度|20~40厘米|1|1209
李|水平根分布范围|通常比树冠大1~2倍|1|1210
李|垂直根分布深度|20~80厘米（土层肥厚时可达4~6米）|1|1211
李|砧木类型|毛樱桃|1|1212
李树|属于|植物界|2|1213,3372
李树|属于|果树科|2|1214,2018
芽|分化|花芽|1|1215
芽|分化|叶芽|1|1216
李树|利用|毛桃砧木|1|1217
李树|利用|山杏砧木|1|1218
李树|根系分布|深层|1|1219
李树|枝条结构|单叶芽|1|1220
李树|枝条结构|复芽|1|1221
李树|芽|叶芽|1|1222
李树|芽|花芽|1|1223
李树|生长周期|一年生枝条|1|1224
李树|生长周期|多年生枝条|1|1225
李树|生长特性|早熟性|1|1226
李树|属于|果树|8|1227,1290,1748,1782,1824,1869,1882,1974
李树|生长|新梢|1|1228
新梢|着生|叶芽|1|1229
叶芽|抽生|新梢|1|1230
新梢|扩大|树冠|1|1231
新梢|形成|枝组|1|1232
延长枝|属于|主、侧枝|1|1233
幼树|培养|骨干枝|1|1234
骨干枝|构成|树冠|1|1235
结果枝|着生|花芽|1|1236
结果枝|开花|结果|1|1237
徒长性果枝|长|1米左右|1|1238
徒长性果枝|下部|叶芽|1|1239
徒长性果枝|上部|复花芽|1|1240
徒长性果枝|副梢|少|1|1241
徒长性果枝|发生|晚|1|1242
徒长性果枝|培养|健壮枝组|1|1243
徒长性果枝|发生|树冠内膛及上部|1|1244
长果枝|枝条长|30~60厘米|1|1245
长果枝|发育|充实|1|1246
长果枝|副梢|不发生|1|1247
长果枝|中部|复芽|1|1248
长果枝|结果|能力强|1|1249
长果枝|形成|花束状果枝|1|1250
中果枝|长|15~30厘米|1|1251
中果枝|上部|单花芽|1|1252
中果枝|中部|复花芽|1|1253
中果枝|结果|抽生花束状果枝|1|1254
短果枝|长|5~15厘米|1|1255
短果枝|上部|单花芽|1|1256
短果枝|复芽|少|1|1257
短果枝|结力|高|1|1258
短果枝|年龄|2~3年生|1|1259
短果枝|结力|减退|1|1260
短果枝|年龄|5年生以上|1|1261
花束状果枝|长|5厘米以下|1|1262
花束状果枝|顶芽|叶芽|1|1263
花束状果枝|下部|花芽|1|1264
花束状果枝|花芽发育|充实|1|1265
花束状果枝|坐果|多|1|1266
花束状果枝|果个|大|1|1267
物候期|反映|李生长发育|1|1268
李|生理机能|变化|1|1269
李|外部形态|变化|1|1270
物候期|重复|年年|1|1271
物候期|顺序性|规律性|1|1272
李树|生长在|巫山县|1|1273
巫山脆李|属于|李树品种|1|1274
李树|有|物候期|1|1275
物候期|包括|根系生长期|1|1276
根系生长期|开始于|2月中旬|1|1277
根系生长期|结束于|11月下旬|1|1278
巫山脆李|具有|3次根系生长高峰期|1|1279
第一次根系生长高峰期|开始于|2月下旬|1|1280
第一次根系生长高峰期|结束于|3月上旬|1|1281
第二次根系生长高峰期|开始于|5月上旬|1|1282
第二次根系生长高峰期|结束于|5月下旬|1|1283
第三次根系生长高峰期|开始于|7月中旬|1|1284
第三次根系生长高峰期|结束于|10月上旬|1|1285
落叶期|开始于|11月中下旬|1|1286
落叶期|结束于|11月|1|1287
花芽分化期|开始于|7月下旬|1|1288
花芽分化期|结束于|11月底|1|1289
李树|开花期|3月上中旬至下旬|1|1291
李树|落花落果期|3月下旬至4月中旬至5月上旬|1|1292
李树|果实发育期|4月、6月、7月上旬至8月初|1|1293
李树|果实成熟期|8月上旬|1|1294
李树|根系分布|距地表5~40厘米|1|1295
李树|根系活动规律|受温度、湿度、通气状况、土壤营养状况以及树体营养状况的制约|1|1296
李树|根系生长高峰|春季、新梢进入缓慢生长期时|1|1297
李树|生长季节适温|20~30℃|1|1298
李树|开花最适温度|12∼16℃|1|1299
李树|对温度的要求|因种类和品种而异|1|1300
李树|花期易受|低温冻害|1|1301
李树|幼果期最低温度|-1.1°C|1|1302
李树|原产地|中国|1|1303
李树|分布地区|北方冬季低温地带、南方炎热地区|1|1304
李树|抗寒力|欧洲李不如中国李|1|1305
李树|耐寒性|美洲李较强|1|1306
李树|栽培技术|注意水分管理|1|1307
李树|农业技术措施|施肥、灌水|1|1308
李|含有|糖类|1|1310
李|含有|维生素|1|1311
李|含有|矿物质|1|1312
李|含有|膳食纤维|1|1313
李|含有|多酚类物质|1|1314
李|味道|鲜美|1|1315
美国农业部|营养数据库|显示|1|1316
成熟的李|每100克|热量|1|1317
成熟的李|每100克|碳水化合物|1|1318
成熟的李|每100克|糖|1|1319
成熟的李|每100克|膳食纤维|1|1320
成熟的李|每100克|脂肪|1|1321
成熟的李|每100克|蛋白质|1|1322
成熟的李|每100克|维生素C|1|1323
成熟的李|每100克|维生素A|1|1324
成熟的李|每100克|β-胡萝卜素|1|1325
成熟的李|每100克|叶黄素和玉米黄素|1|1326
成熟的李|每100克|维生素B₁|1|1327
成熟的李|每100克|钾|1|1328
成熟的李|每100克|钙|1|1329
成熟的李|每100克|铁|1|1330
成熟的李|每100克|锌|1|1331
李|在不同地域、生长环境、品种等条件下|营养成分含量及品质存在差异|1|1332
李高效|生产|技术|4|1333,1661,1720,2494
李高效|绿色防控技术|研究|1|1334
糖|口味甜和酸生成|有机酸|1|1335
有机酸|作用|改善消化道活动|1|1336
有机酸|作用|增进食欲|1|1337
果实|风味|糖和酸的组合|1|1338
糖|含量|与风味相关|1|1339
酸|含量|与风味相关|1|1340
贾展慧|试验材料|槜李和油㮈|1|1341
贾展慧|测定方法|高效液相色谱(HPLC)|1|1342
山梨醇|检测|果实中|1|1343
蔗糖|检测|果实中|1|1344
葡萄糖|检测|果实中|1|1345
果糖|检测|果实中|1|1346
赵树堂|分析|糖、酸、维生素C含量变化|1|1347
李果实|糖含量变化|一致|1|1348
李果实|发育初期|蔗糖无积累|1|1349
李果实|发育初期|果糖含量低|1|1350
李果实|发育初期|葡萄糖含量高|1|1351
李果实|发育过程中|葡萄糖含量增长缓慢|1|1352
李果实|发育过程中|果糖含量持续增加|1|1353
李果实|发育后期|蔗糖积累明显|1|1354
李果实|维生素C含量|逐渐降低|1|1355
王东辉|测定|不同树龄李果实营养成分含量|1|1356
王东辉|发现|低龄李树总糖含量低|1|1357
王东辉|发现|高龄李树总糖含量高|1|1358
宋俊伟|试验材料|大石早生李、李王、黑琥珀李、安哥诺李|1|1359
宋俊伟|影响|肥料处理对土壤养分的影响|1|1360
农家肥|可溶性糖含量|提高|1|1361
刘硕|检测|李品种果实糖、酸成分和含量|1|1362
刘硕|发现|除欧洲李外以蔗糖为主|1|1363
刘硕|发现|野生种类型不含蔗糖|1|1364
刘硕|发现|中国李以蔗糖为主|1|1365
刘硕|发现|欧洲李果实糖、酸组成不同于其他类型|1|1366
李芳东|分析|杏李糖、酸含量|1|1367
李芳东|发现|杏李品种果实总糖含量分析|1|1368
李|富含|维生素C|1|1369
晚香蕉李|属于|李品种|1|1370
张佰清|研究|晚香蕉李|1|1371
维生素C|影响|果实成熟度|1|1372
马李一|研究|李的保鲜处理|1|1373
中草药杀菌剂|应用于|李的保鲜|1|1374
黄酮类|是|天然抗氧化剂|1|1375
类胡萝卜素|存在于|果实中|1|1376
类胡萝卜素|与|叶绿素共存|1|1377
李品种|含有|花青苷|2|1378,1399
矢车菊素-3-葡萄糖苷|属于|花青苷|1|1379
矢车菊素-3-芸香糖苷|属于|花青苷|1|1380
类黄酮|属于|酚类物质|1|1381
原花青苷|属于|类黄酮|1|1382
黄酮苷|属于|类黄酮|1|1383
绿原酸|属于|酚类物质|1|1384
崔艳涛|研究|李果实色素类物质含量|1|1385
张元慧|测定|李品种果皮和果肉类黄酮含量|1|1386
美丽李|属于|李品种|1|1387
黑宝石|属于|李品种|1|1388
红肉李|属于|李品种|1|1389
长李15|属于|李品种|1|1390
大玫瑰|属于|李品种|1|1391
大石早生|属于|李品种|1|1392
安哥诺|属于|李品种|1|1393
龙园秋李|属于|李品种|1|1394
果皮|含有|花色素苷|1|1395
果肉|含有|花色素苷|1|1396
李果实|属于|果实类植物|1|1397
花青苷|含量|李果实|1|1398
果皮|含有|花青苷|1|1400
果肉|含有|花青苷|1|1401
周丹蓉|研究|李品种|1|1402
张学英|研究|李果皮花青苷浸提方法|1|1403
张学英|建立|李果实花青苷的HPLC测定方法|1|1404
张义|研究|李果实色素变化|1|1405
王瑾|研究|红肉李果实发育期间含量变化|1|1406
可溶性糖|含量|红肉李果实|1|1407
酸|含量|红肉李果实|1|1408
香气成分|形成|动态过程|1|1409
李果实|富含|香气成分|1|1411
壬醛|属于|香气成分|1|1412
γ-十二内酯|属于|香气成分|2|1413,1424
苯甲醛|属于|香气成分|1|1414
γ-辛内酯|属于|香气成分|1|1415
1-己醇|属于|香气成分|1|1416
2-苯乙醇|属于|香气成分|1|1417
欧洲李Rain-haCláudiaVerde果实|含有|辛酸乙酯|1|1418
李泰山|研究|杏李品种果实中的香气组分与含量|1|1419
黑宝石李果实|含有|49种香气成分|1|1420
3-羟基-2-丁酮|属于|香气成分|1|1421
乙酸丁酯|属于|香气成分|1|1422
乙酸己酯|属于|香气成分|1|1423
22，23-二氢豆甾醇|属于|香气成分|1|1425
李|具有|医药价值|1|1426
李|具有|美容养颜和润滑肌肤的功效|1|1427
李|含有|抗氧化活性|1|1428
维生素C|属于|李的成分|1|1429
维生素E|属于|李的成分|1|1430
多酚|属于|李的成分|1|1431
类胡萝卜素|属于|李的成分|1|1432
欧洲李|具有|抗氧化活性|1|1433
欧洲李|降低|低密度脂蛋白胆固醇(LDL-C)水平|1|1434
欧洲李|富含|可溶性膳食纤维|1|1435
欧洲李|含有|果胶|1|1436
心血管疾病|预防|欧洲李|1|1437
欧洲李|抑制|脂质氧化|1|1438
欧洲李|具有|抗结肠癌活性|1|1439
膳食纤维|预防|结肠癌|1|1440
李|产生|丁酸盐|1|1441
丁酸盐|调控|细胞增殖和凋亡|1|1442
多酚类物质|属于|李的成分|1|1443
李|作为|过氧化物清除剂|1|1444
认知缺陷|缓解|老化相关|1|1445
深色水果和蔬菜|缓解|老化相关认知缺陷|1|1446
欧洲李果汁|提高|高龄大鼠在水迷宫中的表现|1|1447
欧洲李果汁|缓解|老龄化大鼠认知缺陷|1|1448
便秘|缓解|李中的酚类物质|1|1449
欧洲李|含有|木糖醇|1|1451
欧洲李|含有|山梨糖醇|1|1452
木糖醇|促进|胃排空|1|1453
山梨糖醇|具有|通便效果|1|1454
李|含有|多酚成分|1|1455
多酚成分|有|促进通便活性作用|1|1456
西梅|富含|新绿原酸|1|1457
西梅|富含|绿原酸|1|1458
西梅|可以|预防骨钙损失|1|1459
西梅|可以|逆转骨钙损失|1|1460
抗氧化物质|清除|自由基|1|1461
硼|调控|骨和钙的代谢|1|1462
钾|对|保持骨密度有贡献|1|1463
李核仁|含有|苦杏仁苷|1|1464
李核仁|含有|脂肪油|1|1465
苦杏仁苷|具有|利水降压作用|1|1466
苦杏仁苷|具有|止咳祛痰功效|1|1467
李花|用于|美容养颜|1|1468
李花|可以|去除粉滓黑黯|1|1469
李花|可以|使人面泽|1|1470
李花|对|汗斑有良效|1|1471
李花|对|脸生黑斑有良效|1|1472
重庆|适宜栽培|李绿色高效栽培技术|1|1473
巫山脆李|属于|李绿色高效栽培技术|1|1474
巫山县曲尺乡柑园村|种植|巫山脆李|1|1475
重庆|地处|长江上中游地区|1|1476
长江沿岸河谷地区|海拔|175米|1|1477
大娄山地区|海拔|2000米以上|1|1478
大巴山地区|海拔|2000米以上|1|1479
南川|海拔|1000~2251米|1|1480
金佛山|海拔|1000~2251米|1|1481
巫溪|海拔|1800~2630米|1|1482
红池坝|海拔|1800~2630米|1|1483
夏季|脆李成熟采收期|重庆|1|1484
高温高湿|影响|脆李采后品质|1|1485
冷链贮运|作用|脆李采后保鲜|1|1486
连续降雨|影响|脆李果实裂果|1|1487
中晚熟品种|选育|脆李|1|1488
垂直海拔调控|作用|延长脆李上市期|1|1489
西南地区|建议海拔高度|180~1500米|1|1490
最暖月平均温度|要求|16.6℃以上|1|1491
最冷月平均气温|要求|-1.1℃以上|1|1492
年平均温度|要求|8~18℃|1|1493
无霜期|要求|120天以上|1|1494
年降水量|要求|大于800毫米|1|1495
采前一个月降水量|要求|不宜超过50毫米|1|1496
年日照时数|要求|1200小时以上|1|1497
巫山脆李|属于|植物新品种|1|1498
巫山脆李|获得|植物新品种权证书|1|1499
巫山脆李|种植面积|28万余亩|1|1500
巫山脆李|推广范围|巫山县、奉节县、巫溪县、云阳县、秀山县、北碚区|1|1501
巫山脆李|质量标准|《地理标志农产品 巫山脆李》|1|1502
巫山脆李|平均单果重|35克左右|1|1503
巫山脆李|特性|青、脆、离核，酸甜适度|1|1504
巫山脆李|特点|抗性适应性较强、易生产管理|1|1505
粉黛脆李|发现时间|2008年|1|1506
粉黛脆李|特性|大果特性明显|1|1507
粉黛脆李|区域性试验|孙家镇田湾村、溪口乡九树村和分水镇石碾村4社|1|1508
粉黛脆李|田间园艺性状观察|2015年结果后持续进行|1|1509
李高效|属于|植物新品种|1|1510
粉黛脆李|通过|重庆市农作物新品种鉴定|1|1511
粉黛脆李|定名|2018年4月26日|1|1512
粉黛脆李|种植|重庆万州|1|1513
粉黛脆李|种植|重庆巫溪|1|1514
粉黛脆李|种植|重庆石柱|1|1515
粉黛脆李|种植|重庆荣昌|1|1516
粉黛脆李|种植|四川洪雅|1|1517
粉黛脆李|树势|强健|1|1518
粉黛脆李|树冠|半开张|1|1519
粉黛脆李|成枝力|强|1|1520
粉黛脆李|枝条分枝角度|较大|1|1521
粉黛脆李|叶色|浓绿|1|1522
粉黛脆李|丰产性能|好|1|1523
粉黛脆李|易成花|是|1|1524
粉黛脆李|坐果率|高|1|1525
粉黛脆李|结果方式|中、长果枝|1|1526
粉黛脆李|成熟期|中晚|1|1527
粉黛脆李|抗病性|良好|1|1528
粉黛脆李|成熟时间|7月下旬至8月初|1|1529
粉黛脆李|果实形状|扁圆形|1|1530
粉黛脆李|果顶|微凹|1|1531
粉黛脆李|果实对称性|较对称|1|1532
粉黛脆李|缝合线|浅|1|1533
粉黛脆李|果粉|厚|1|1534
粉黛脆李|果实端正性|整齐|1|1535
粉黛脆李|果肉与果皮|难剥离|1|1536
粉黛脆李|果肉颜色|浅黄色|1|1537
粉黛脆李|果实肉质|脆嫩|1|1538
粉黛脆李|果汁量|多|1|1539
粉黛脆李|纤维量|少|1|1540
粉黛脆李|成熟后味道|无涩味|1|1541
粉黛脆李|风味|浓郁|1|1542
粉黛脆李|鲜食品质|上等|1|1543
粉黛脆李|可溶性固形物含量|15%|1|1544
粉黛脆李|还原糖含量|6.84%|1|1545
粉黛脆李|总酸含量|0.82%|1|1546
粉黛脆李|维生素C含量|2.15毫克/100克|1|1547
粉黛脆李|可食率|97.95%|1|1548
粉黛脆李|贮藏性|耐贮藏|1|1549
粉黛脆李|常温贮藏时间|4~6天|1|1550
桃砧嫁接容器苗|平均株产|5千克（第二年）|1|1551
桃砧嫁接容器苗|平均株产|20千克（第三年）|1|1552
桃砧嫁接容器苗|产量|1650千克/亩（第四年）|1|1553
金翠李|通过|重庆市农作物新品种鉴定|1|1554
金翠李|发现时间|1999年|1|1555
金翠李|发现地点|开县镇东镇金果村2社|1|1556
金翠李|原品种|青脆李|1|1557
金翠李|成熟期|8月中旬|1|1558
金翠李|果粉层|明显|1|1559
金翠李|果肉|硬脆|1|1560
金翠李|果肉颜色|淡黄色|1|1561
金翠李|果核|离核|1|1562
金翠李|风味|渐好|1|1563
金翠李|特点|综合性状优良|1|1564
金翠李|特点|晚熟|1|1565
金翠李|特点|丰产稳定|1|1566
金翠李|特点|品质优|1|1567
金翠李|特点|外观色泽好|1|1568
金翠李|特点|耐贮运|1|1569
金翠李|特点|抗逆性强|1|1570
金翠李|特点|适应性广|1|1571
金翠李|成熟期|延迟30~50天（与青脆李相比）|1|1572
金翠李|成枝力|强|1|1573
金翠李|树势|强健|1|1574
金翠李|树冠|半开张|1|1575
金翠李|结果时间|第二年（3年生桃高接换种后）|1|1576
金翠李|丰产期|第四年|1|1577
金翠李|平均株产|22千克|1|1578
金翠李|平均亩产|1100千克|1|1579
金翠李|盛产期|第五年|1|1580
金翠李|平均亩产|2000千克|1|1581
李绿色|属于|果实|1|1582
李绿色|特征|圆形果实|1|1583
李绿色|特征|果尖凹入|1|1584
李绿色|特征|梗洼深度浅|1|1585
李绿色|特征|缝合线浅|1|1586
李绿色|特征|果对称|1|1587
李绿色|特征|果粉薄|1|1588
李绿色|平均单果重|21.36克|1|1589
李绿色|最大果重|44.45克|1|1590
李绿色|可食率|96%|1|1591
李绿色|果实整齐度|中等|1|1592
李绿色|果皮与果肉关系|难剥离|1|1593
李绿色|果肉色泽|淡黄|1|1594
李绿色|肉质|硬脆|1|1595
李绿色|汁液|多|1|1596
李绿色|纤维|少|1|1597
李绿色|风味|酸甜适中|1|1598
李绿色|成熟后特点|无涩味|1|1599
李绿色|鲜食品质|中上等|1|1600
李绿色|果实硬度|大|1|1601
李绿色|耐贮运性|强|1|1602
李绿色|货架期|10~20天|1|1603
李绿色|贮藏适宜温度|0~2℃|1|1604
李绿色|贮藏时间|60天左右|1|1605
宛青|来源|晚熟巫山脆李实生变异|1|1606
宛青|审定时间|2019年|1|1607
宛青|审定机构|重庆市农作物品种审定委员会|1|1608
宛青|树势|强健|1|1609
宛青|树冠|半开张|1|1610
宛青|萌芽力|强|1|1611
宛青|成枝力|强|1|1612
宛青|花芽萌动时间|2月下旬|1|1613
宛青|露白时间|3月上旬|1|1614
宛青|初花时间|3月上中旬|1|1615
宛青|盛花期|3月中旬|1|1616
宛青|果实成熟时间|8月上旬|1|1617
宛青|果实发育期|130天左右|1|1618
宛青|成熟期|比本地巫山脆李晚熟30~40天|1|1619
宛青|高接换种结果时间|第二年|1|1620
宛青|盛产期|第五年|1|1621
宛青|亩产量|约1200千克|1|1622
宛青|果实形状|扁圆形|1|1623
宛青|果尖|略凹入|1|1624
宛青|梗洼|浅|1|1625
宛青|缝合线|浅|1|1626
宛青|果实对称性|高|1|1627
宛青|果皮颜色|绿色|1|1628
宛青|果皮红色|少量|1|1629
宛青|果粉厚度|较厚|1|1630
宛青|平均单果重|30.23克|1|1631
宛青|最大果重|58克|1|1632
宛青|果实纵径|35.5毫米|1|1633
宛青|果实横径|40.6毫米|1|1634
宛青|核形|卵圆|1|1635
宛青|核面|粗糙|1|1636
宛青|果肉颜色|淡黄或黄色|1|1637
宛青|果肉质地|硬脆|1|1638
宛青|汁液|多|1|1639
宛青|纤维|少|1|1640
宛青|风味|酸甜|1|1641
宛青|成熟后特点|无涩味|1|1642
宛青|可溶性固形物含量|13.1%~17.4%|1|1643
宛青|可食率|97.75%|1|1644
宛青|可溶性糖含量|8.42%|1|1645
宛青|可滴定酸含量|0.67%|1|1646
宛青|维生素C含量|7.64毫克/100克果肉|1|1647
宛青|去皮硬度|约6.8千克/厘米²|1|1648
宛青|鲜食品质|中上等|1|1649
宛青|适宜栽培海拔|100~1200米|1|1650
宛青|土壤pH|6.0~7.8|1|1651
宛青|土壤要求|疏松肥沃、土壤深厚、透气性良好|1|1652
宛青|管理水平|一般水平|1|1653
宛青|产量|较高|1|1654
宛青|成熟期|8月上中旬|1|1655
宛青|成熟期推迟|提高栽培海拔|1|1656
宛青|供应期延长|巫山脆李|1|1657
宛青|抗病性|强|1|1658
宛青|耐贮运性|强|1|1659
宛青|市场前景|好|1|1660
园地|选择|山地|1|1662
园地|选择|丘陵|1|1663
园地|选择|平地|1|1664
园地|要求|背风向阳|1|1665
园地|要求|排灌良好|1|1666
园地|要求|土质疏松|1|1667
园地|要求|土层深厚|1|1668
园地|要求|透气性好|1|1669
园地|要求|地理位置交通便利|1|1670
园地|要求|水源条件良好|1|1671
李|栽培|地区|1|1672
地区|要求|最暖月平均温度在16.6℃以上|1|1673
地区|要求|最冷月平均气温在-1.1℃以上|1|1674
地区|要求|年平均温度8~18℃|1|1675
地区|要求|无霜期120天以上|1|1676
地区|要求|年降水量大于800毫米|1|1677
地区|要求|采前1个月内的降水量不宜超过50毫米|1|1678
地区|要求|年日照时数1200小时以上|1|1679
山地|宜机化果园建设|方案|1|1680
坡度小于25°的坡地|宜机化果园建设|土地整治|1|1681
坡度较大、地块较为零散的山地|宜机化果园建设|土地整治|1|1682
地块|清杂|机械|1|1683
梯台|整治|机械|1|1684
馒头山形坡地|梯台|布设|1|1685
台面宽度|确定|作物生长特性|1|1686
台面宽度|确定|农艺技术|1|1687
台面宽度|确定|机械化作业要求|1|1688
梯田|属于|农业景观|1|1689
梯田|建设|土壤改良|1|1690
梯田|建设|防止埂坎垮塌|1|1691
梯田|建设|增加土壤有机质含量|1|1692
梯田|建设|采用深松、旋耕等农业机械|1|1693
梯田|建设|随地形等高线筑成水平状|1|1694
梯田|建设|修筑作业道|1|1695
梯田|建设|方便排水和耕作运输|1|1696
梯田|建设|呈“之”字形纵向布局|1|1697
梯田|建设|具有0.3%的坡降|1|1698
道路建设|属于|基础设施建设|1|1699
道路建设|规划|合理布局|1|1700
道路建设|规划|运输距离短|1|1701
道路建设|规划|占地少|1|1702
道路建设|修建|宽度不小于3米|1|1703
道路建设|修建|坡度小于15°|1|1704
道路建设|修建|呈斜线形|1|1705
道路建设|修建|呈S形盘旋设置|1|1706
道路建设|修建|与梯台间应设置连接通道|1|1707
道路建设|修建|最大纵坡比8%~10%|1|1708
道路建设|修建|2米宽泥石作业道|1|1709
园地规划与整治|属于|山地省力化|1|1710
园地规划与整治|实施|随地形等高线筑成水平状梯田|1|1711
园地规划与整治|实施|栽植行沿等高线延长|1|1712
园地规划与整治|实施|不跨越分水岭|1|1713
园地规划与整治|实施|小区面积以30~45亩为宜|1|1714
园地规划与整治|实施|修筑作业道作为宽行的行向|1|1715
园地规划与整治|实施|方便水土保持、机械操作|1|1716
园地规划与整治|实施|与小区道路上下贯通|1|1717
护坡植物|种植|梯台间坎壁|1|1718
护坡植物|作用|防止埂坎垮塌|1|1719
李树|属于|果树种类|1|1721
土壤|改良|李树|1|1722
有机质|提高|土壤肥力|1|1723
土壤|通气|良好|1|1724
李园|生产|优质果品|1|1725
土壤有机质含量|应该|1.5%以上|1|1726
土壤通透性|影响|土壤孔隙度|1|1727
土壤酸碱度|影响|土壤养分有效性|1|1728
李树|生长|土层厚度|1|1729
李树|生长|沙质壤土|1|1730
红黄壤|是|南方栽培李的主要土壤类型之一|1|1731
李树|需要|土壤改良|1|1732
土壤改良|方法|深翻和增施有机肥|1|1733
深翻|作用|增加土壤间隙，通气透水，增强土壤保水、保肥能力|1|1734
深翻|作用|加速有机质腐烂和分解，提高土壤肥力|1|1735
深翻|作用|增加根系数量，分布变深|1|1736
深翻|时间|早春化冻后及夏初雨季前|1|1737
深翻|时间|果实采收后|1|1738
深翻|时间|9月中下旬至10月上中旬（南方地区）|1|1739
深翻|配合|秋施基肥、蓄水灌溉|1|1740
深翻|影响|翻耕深度（土壤质地和土层结构）|1|1741
深翻|影响|翻耕沟距主干1米以免伤大根|1|1742
深翻|肥料|混杂厩肥、绿肥及饼肥等|1|1743
深翻|后续|及时灌水，使土层自动下沉，根系与土壤密切接触|1|1744
间作|作用|充分利用土地和光能|1|1745
间作|作用|防止土壤冲刷，减少杂草危害|1|1746
间作|作用|增加果园收入，有利于可持续发展|1|1747
李树|适合|间作|1|1749
间作|提高|土壤肥力|1|1750
间作|改善|土壤结构|1|1751
果园覆盖|作用|保墒|1|1752
果园覆盖|作用|调节地温|1|1753
果园覆盖|作用|培肥地力|1|1754
果园覆盖|作用|提高抗旱性|1|1755
果园覆盖|时间|春季|1|1756
果园覆盖|时间|夏季|1|1757
果园覆盖|时间|秋季|1|1758
果园覆盖|最佳时间|5-6月|1|1759
果园生草|优点|防风固沙|1|1760
果园生草|优点|保持水土|1|1761
果园生草|优点|提高土壤有机质含量|1|1762
果园|采用|生草栽培技术|1|1763
生草栽培技术|优点|提高土壤有效养分含量|1|1764
生草栽培技术|优点|改善果树生态环境|1|1765
生草栽培技术|优点|节省锄草用工|1|1766
生草栽培技术|优点|便于行间作业|1|1767
生草栽培技术|优点|实现果园的良性循环|1|1768
果园|缺点|与果树争肥水|1|1769
果园|缺点|早期落叶病加重|1|1770
果园|缺点|金纹细蛾发生趋重|1|1771
果园|缺点|妨碍施基肥操作|1|1772
果园|缺点|需肥、水较多|1|1773
果园|缺点|连年生草导致果树根系上浮|1|1774
中耕除草|作用|保墒|1|1775
中耕除草|作用|防止杂草|1|1776
施肥管理|作用|提高果园土壤肥力|1|1777
施肥管理|作用|改善土壤团粒结构|1|1778
施肥管理|作用|促使果树生长健壮|1|1779
施肥管理|作用|增强果树抗逆性|1|1780
施肥管理|作用|延长树体寿命和结果年限|1|1781
李果实|属于|李树|1|1783
施肥|促进|李果实增大|1|1784
李树|需要|施肥|1|1785
施肥|包括|基肥|1|1786
基肥|包括|有机肥|1|1787
李树|进行|花芽分化|1|1788
李树|需要|氮|1|1789
李树|需要|磷|1|1790
李树|需要|钾|1|1791
李树|需要|铁|1|1792
李树|需要|钙|1|1793
李树|需要|镁|1|1794
李树|需要|硼|1|1795
李树|需要|锌|1|1796
李树|需要|锰|1|1797
施肥|影响|李树生长|1|1798
施肥|影响|李树结果量|1|1799
施肥|应在|秋季进行|1|1800
施肥|应在|落叶前进行|1|1801
施肥|应在|采果后进行|1|1802
施肥技术|属于|农业技术|1|1803
李高效生产及绿色防控技术|使用|施肥技术|1|1804
有机肥|施肥|果树|1|1805
复合肥|施肥|果树|1|1806
微量元素肥|施肥|果树|1|1807
硼肥|施肥|果树|1|1808
锌肥|施肥|果树|1|1809
环状沟施|是|施肥方法|1|1810
放射状沟施|是|施肥方法|1|1811
灌溉式施肥|是|施肥方法|1|1812
施肥量|决定|品种|1|1813
中晚熟品种|施肥|有机肥|1|1814
中晚熟品种|施肥|复合肥|1|1815
中晚熟品种|施肥|微量元素肥|1|1816
早熟品种|施肥|复合肥|1|1817
早熟品种|施肥|时间|1|1818
李品种|果实发育期|长短|1|1819
花后追肥|施肥|时间|1|1820
花后追肥|施肥|李品种|1|1821
壮多微量元素肥|施肥|时间|1|1822
松尔肥|施肥|时间|1|1823
叶面喷肥|属于|农业技术|1|1825
根外追肥|属于|叶面喷肥的一种|1|1826
钙|属于|营养元素|1|1827
镁|属于|营养元素|1|1828
硼|属于|营养元素|1|1829
锌|属于|营养元素|1|1830
铁|属于|营养元素|1|1831
保花保果|属于|叶面喷肥的作用|1|1832
缩果|属于|生理病害|1|1833
裂果|属于|生理病害|1|1834
果实着色|属于|叶面喷肥的作用|1|1835
商品性|属于|植物生长指标|1|1836
开花前|属于|叶面喷肥的关键时期|1|1837
谢花后2周内|属于|叶面喷肥的关键时期|1|1838
果实膨大期|属于|叶面喷肥的关键时期|1|1839
络微|属于|叶面喷肥品牌|1|1840
动力钙|属于|叶面喷肥品牌|1|1841
氨基酸钙|属于|叶面喷肥品牌|1|1842
水分管理|属于|农业技术|1|1843
浅根性|属于|植物特性|1|1844
抗旱性|属于|植物特性|1|1845
潮湿|属于|植物生长环境|1|1846
涝|属于|植物生长环境|1|1847
新梢旺盛生长|属于|植物生长阶段|1|1848
果实迅速膨大|属于|植物生长阶段|1|1849
需水临界期|属于|植物生长阶段|1|1850
落花落果|属于|植物生长问题|1|1851
抽条|属于|植物生长问题|1|1852
灌水|属于|农业技术|1|1853
小雪节气|属于|气候节气|1|1854
李高效|生产|灌水技术|1|1855
李高效|生长周期|越冬水|1|1857
李高效|生长周期|花前灌水|1|1858
李高效|生长周期|幼果灌水|1|1859
灌水技术|使用方法|沟灌|1|1860
灌水技术|使用方法|喷灌|1|1861
灌水技术|使用方法|滴灌|1|1862
排水技术|目的|防止根系损伤|1|1863
排水技术|目的|树势衰弱|1|1864
排水技术|目的|死树|1|1865
排水技术|方法|清理沟渠|1|1866
排水技术|方法|平原黏土地果园挖排水沟|1|1867
排水技术|方法|山地果园保障沟渠畅通|1|1868
整形修剪|调节|树势|1|1870
整形修剪|控制|树体大小和形状|1|1871
整形修剪|改善|通风透光条件|1|1872
整形修剪|促进|高产稳产|1|1873
整形修剪|延长|树体经济寿命|1|1874
果树|需要|光照和通风|1|1875
果树|影响|病虫害发生|1|1876
观光果园|需要|树体观赏性|1|1877
农药|减少|使用量|1|1878
果实|需要|食用安全|1|1879
李树|属于|果树种植|1|1880
果树种植|需要|土壤管理|1|1881
冬季修剪|调整|李树枝条方向|1|1883
冬季修剪|调整|李树枝条角度|1|1884
枝条|短截|1/4∼1/3|1|1885
延长枝|短截|1/3|1|1886
主枝|着生角度|调整|1|1887
主枝|方位角|调整|1|1888
枝条|疏除|过密|1|1889
枝条|摘心|分枝|1|1890
旺长枝|摘心|拉枝|1|1891
徒长枝|疏除|基部|1|1892
副主枝|选留|2∼3个|1|1893
侧枝|方向|选择|1|1894
侧枝|交叉角度|大|1|1895
短小枝|保留|培养|1|1896
中枝|短截|分枝|1|1897
果树修剪|目的|平衡生长势|1|1898
结果枝|形成|短截|1|1899
强枝|疏除|基部|1|1900
徒长枝|拉枝|斜生状|1|1901
果树修剪|季节|夏季|1|1902
果树修剪|季节|冬季|1|1903
李树|属于|植物|5|1904,1921,2005,2028,3069
李树|进行|生产及绿色防控技术|1|1905
李树|定植|3~5年后开始结果|1|1906
李树|产量|逐年上升|1|1907
李树|进入|结果盛期|1|1908
李树|营养生长|扩大树冠|1|1909
李树|控制树体长势|主从关系|1|1910
李树|短截延长枝|波浪状延伸|1|1911
李树|摘心处理|生长枝|1|1912
李树|疏除|过密枝|1|1913
李树|改善|通风透光条件|1|1914
李树|维持|盛果期|1|1915
李树|树体结构|匀称|1|1916
李树|枝条分布|合理|1|1917
李树|枝叶数量|适当|1|1918
李树|营养生长与开花结果|平衡|1|1919
李树|延长|盛果期|1|1920
冬季修剪|属于|农业技术|1|1922
李树|需要|冬季修剪|1|1923
理想树形|属于|李树修剪目标|1|1924
主从关系|属于|李树修剪目标|1|1925
修剪|作用于|李树枝条|1|1926
调冠整枝|属于|修剪方法|1|1927
树冠|需要|保持通风透光|1|1928
短截延长枝|属于|修剪方法|1|1929
短截|作用于|延长枝|1|1930
主枝|属于|李树枝条|1|1931
副主枝|属于|李树枝条|1|1932
重截延长枝|属于|修剪方法|1|1933
延长枝|需要|适当修剪|1|1934
疏枝|属于|修剪方法|1|1935
光照|需要|改善|1|1936
交叉枝|属于|疏枝对象|1|1937
重叠枝|属于|疏枝对象|1|1938
密生枝|属于|疏枝对象|1|1939
短果枝|属于|李树枝条|1|1940
花束状果枝|属于|李树枝条|1|1941
疏剪|作用于|短果枝|1|1942
更新培养枝组|属于|修剪方法|1|1943
强旺小型结果枝组|属于|枝组类型|1|1944
剪去先端强枝|属于|修剪方法|1|1945
花束状果枝|不需要|修剪|1|1946
过弱小型枝组|需要|回缩更新|1|1947
直立徒长枝|属于|李树枝条|1|1948
拉枝措施|属于|修剪方法|1|1949
李高效|生产|拉至下垂|1|1950
李高效|适当疏剪|背上旺长枝|1|1951
李高效|留中庸偏弱枝|促发短果枝和花束状果枝|1|1952
李高效|达到均衡树势|目的|1|1953
李高效|适度短截|1年生枝|1|1954
李高效|剪去枝条的1/4~1/3|先端可抽生1~2根长枝|1|1955
李高效|对于生长过旺的营养枝|采用弱枝带头，进行短截|1|1956
李高效|剪口留有弱小的枝条|以缓和生长势|1|1957
李高效|对于过密枝和细弱枝|应予以疏除|1|1958
李高效|合理回缩修剪|下垂枝结果后|1|1959
李高效|逐年进行回缩修剪|从健壮处下剪|1|1960
李高效|剪去先端下垂衰弱部分|对所发生的剪口芽留内向芽|1|1961
李高效|以抬高枝梢位置|增强树势|1|1962
李高效|对于多年生冗长枝和衰弱枝|一般可从2~4年生处进行回缩|1|1963
李高效|在剪口留壮枝、壮芽带头|增强树势|1|1964
李高效|夏季修剪|①疏除部分花枝|1|1965
李高效|提高坐果率|②调节树体结构|1|1966
李高效|减少养分消耗|③适当留枝|1|1967
李高效|增光减耗|④及时处理长枝|1|1968
李高效|对于1年生强壮的生长枝或长果枝|采取摘心措施|1|1969
李高效|强枝留50厘米摘心|缓和枝梢生长势|1|1970
李高效|促使其分枝|长出的副梢过密时予以疏除|1|1971
李高效|促使树冠中、下部枝条生长健壮|长势旺者可再次进行摘心处理|1|1972
李高效|培养良好的结果枝组|缓和生长势|1|1973
衰老树修剪|适用于|李树|1|1975
盛果期|关联|李树生长缓慢|1|1976
新梢|关联|短且弱|1|1977
局部衰退|关联|李树|1|1978
结果部位外移|关联|伞状|1|1979
主枝|关联|侧枝|1|1980
光秃|关联|短果枝和过密的花束状果枝|1|1981
坐果少|关联|产量低而不稳|1|1982
隔年结果现象|关联|严重|1|1983
肥水管理|改善|李树生长状况|1|1984
更新复壮骨干枝|方法|维持树势|1|1985
回缩更新枝组|方法|集中养分供应|1|1986
恢复生机|目标|李树|1|1987
经济结果年限|关联|延长|1|1988
(1)更新复壮骨干枝|方法|根据树体衰弱程度及树体结构|1|1989
回缩大枝|方法|选择角度较小、生长健旺的背上枝作延长枝|1|1990
回缩大枝|方法|在大枝的直立向上处回缩，促进隐芽萌发|1|1991
培养|关联|主枝头、侧枝头|1|1992
(2)重新培养骨干枝|方法|培养树冠内部方位适宜的徒长枝代替|1|1993
夏剪|方法|对徒长枝摘心，促其增粗生长，抽发副梢|1|1994
冬剪|方法|选择先端长势较强的枝作为骨干枝培养|1|1995
短截|方法|剪口芽留内向芽，抬高枝梢位置，增强枝势|1|1996
(3)更新结果枝组|方法|2~3年内回缩更新1次|1|1997
回缩|方法|树冠上部的骨干枝组|1|1998
重短截回缩|方法|树冠中下部的大枝组|1|1999
摘心处理|方法|新梢生长期留40~45厘米再次摘心|1|2000
形成结果枝组|目标|恢复生长势|1|2001
先缩后放方法|方法|培养出更新结果枝组|1|2002
轮换回缩|方法|保持小结果枝组产量|1|2003
长势衰弱的结果枝组|关联|回缩到靠近骨干枝的位置|1|2004
李高效生产及绿色防控技术|应用于|李树|1|2006
修剪|是|更新复壮的手段|1|2007
李树|需要|修剪|1|2008
徒长枝|可能被|疏除|1|2009
徒长枝|可能被|摘心|1|2010
李树|需要|土肥水管理|1|2011
李树|需要|病虫害防治|1|2012
老园|可能被|淘汰|1|2013
老品种|可能被|更换|1|2014
经济效益|可能被|提高|1|2015
花果管理|是|提高果实品质的措施|1|2016
花果管理|需要|精细操作|1|2017
李树|易成花|多数品种|1|2019
李树|坐果率|较高|1|2020
李树|疏花疏果|提高优质果率|1|2021
李树|保花保果|提高果实品质|1|2022
疏花疏果|原则|疏果不如疏花、疏花不如疏枝|1|2023
负载量|确定|品种、树势、树龄、土壤肥力|1|2024
疏果|时间|坐果后的1~2周|1|2025
疏果|原则|根据品种、规格及长势确定果量|1|2026
保花保果|目的|稳定产量、提高优质果率|1|2027
坐果率|影响|李树产量|1|2029
低温|影响|坐果率|1|2030
降雨|影响|坐果率|1|2031
赤霉素|作用|提高坐果率|1|2032
授粉|作用|提高坐果率|1|2033
花期|属于|植物生长周期|1|2034
放蜂|作用|提高授粉质量|1|2035
花粉量|影响|授粉质量|1|2036
亲和性|影响|授粉质量|1|2037
果园|属于|地点|1|2038
人工辅助授粉|作用|提高授粉质量|1|2039
速效肥|作用|补充养分|1|2040
叶面喷施|作用|补充养分|1|2041
花序|属于|植物结构|1|2042
李病虫害防治|预防|病害|1|2043
李病虫害防治|属于|农业管理|1|2044
流胶病|属于|李病虫害防治|1|2045
褐腐病|属于|李病虫害防治|1|2046
袋果病|属于|李病虫害防治|1|2047
穿孔病|属于|李病虫害防治|1|2048
炭疽病|属于|李病虫害防治|1|2049
细菌性穿孔病|属于|穿孔病|1|2050
褐斑穿孔病|属于|穿孔病|1|2051
霉斑穿孔病|属于|穿孔病|1|2052
李小食心虫|属于|虫害|1|2053
桃小食心虫|属于|虫害|1|2054
梨小食心虫|属于|虫害|1|2055
卷叶蛾|属于|虫害|1|2056
食叶蛾|属于|虫害|1|2057
螨类|属于|虫害|1|2058
蚜类|属于|虫害|1|2059
介壳虫|属于|虫害|1|2060
黑刺粉虱|属于|虫害|1|2061
茶翅蝽|属于|虫害|1|2062
黑绒鳃金龟|属于|虫害|1|2063
桃红颈天牛|属于|虫害|1|2064
大青叶蝉|属于|虫害|1|2065
山楂叶螨|属于|虫害|1|2066
李|属于|果实类|1|2067
李痘病毒|感染|李|1|2068
李属坏死环斑病毒|感染|李|1|2069
李象|危害|李|1|2070
真菌|感染|李|1|2071
细菌|感染|李|1|2072
病毒|感染|李|1|2073
线虫|感染|李|1|2074
螨类|危害|李|1|2075
蚜虫类|危害|李|1|2076
蚧类|危害|李|1|2077
食心虫类|危害|李|1|2078
其他害虫类|危害|李|1|2079
农业防治|应用于|李病虫害|1|2080
生物防治|应用于|李病虫害|1|2081
物理防治|应用于|李病虫害|1|2082
化学防治|应用于|李病虫害|1|2083
预防|作为|李病虫害治理方针|1|2084
治疗|作为|李病虫害治理方针|1|2085
绿色优质高效|实现|李生产目标|1|2086
李褐腐病|属于|真菌病害|1|2087
李褐腐病|由|果生核盘菌引起|1|2088
果生核盘菌|属于|子囊菌亚门|1|2089
果生核盘菌|属于|链核盘菌属|1|2090
果生丛梗孢菌|属于|半知菌亚门|1|2091
果生丛梗孢菌|引起|李褐腐病无性阶段|1|2092
李褐腐病|危害|果实|1|2093
李褐腐病|危害|花|1|2094
李褐腐病|危害|叶|1|2095
李褐腐病|危害|枝梢|1|2096
李褐腐病|症状|褐色圆形病斑|1|2097
李褐腐病|症状|果实变褐软腐|1|2098
李褐腐病|症状|病斑表面生灰褐色绒状霉丛|1|2099
李褐腐病|症状|病果腐烂后易脱落|1|2100
李褐腐病|症状|失水后变成僵果|1|2101
李褐腐病|症状|花部受害褐色水渍状斑点|1|2102
李褐腐病|症状|花部受害后变褐枯萎|1|2103
李褐腐病|症状|嫩叶受害病部变褐萎垂|1|2104
李褐腐病|症状|新梢感病形成溃疡斑|1|2105
李褐腐病|发生|春季|1|2106
李褐腐病|传播|风雨、昆虫|1|2107
李褐腐病|流行|花期低温、潮湿多雨|1|2108
李褐腐病|流行|果实成熟期温暖多雨雾|1|2109
李褐腐病|防治|加强果园管理|1|2110
李褐腐病|防治|清除病枝、病叶、僵果|1|2111
李褐腐病|防治|秋冬深翻树盘|1|2112
李褐腐病|防治|适宜条件下的防治措施|1|2113
李高效生产及绿色防控技术|预防|李袋果病|1|2115
李萌芽前喷施45%固体石硫合剂30倍液|属于|化学防治|1|2116
10%小檗碱盐酸盐可湿性粉剂|属于|化学药剂|1|2117
50%啶酰菌胺水分散粒剂|属于|化学药剂|1|2118
50%腐霉利可湿性粉剂|属于|化学药剂|1|2119
80%嘧霉胺水分散粒剂|属于|化学药剂|1|2120
24%腈苯唑悬浮剂|属于|化学药剂|1|2121
李袋果病|病原|李外囊菌|1|2122
李外囊菌|属于|子囊菌亚门|1|2123
李袋果病|危害|李|1|2124
李袋果病|危害|毛梗李|1|2125
李袋果病|危害|山樱桃|1|2126
李袋果病|危害|樱桃|1|2127
李袋果病|分布|国内外|1|2128
李袋果病|发生|东北地区|1|2129
李袋果病|发生|西南高原地区|1|2130
李袋果病|发生|重庆|1|2131
李袋果病|发生|高山地区|1|2132
李袋果病|发生|管理较差果园|1|2133
李袋果病|发生|低温多雨年份|1|2134
李袋果病|症状|果实畸形|1|2135
李袋果病|症状|病果淡黄色至红色|1|2136
李袋果病|症状|病果皱缩后变成灰色至暗褐色或黑色|1|2137
李袋果病|症状|叶片染病后变成黄色或红色|1|2138
李袋果病|症状|叶面皱缩不平|1|2139
李袋果病|症状|病果、病枝、病叶表面着生白色粉状物|1|2140
李袋果病|越冬|菌丝和子囊孢子或芽孢子|1|2141
李袋果病|侵染|早春李露白发芽期|1|2142
李袋果病|侵染|雨水|1|2143
李袋果病|侵染|低温多雨|1|2144
李袋果病|侵染|地势低洼、江河沿岸、低洼湖畔果园|1|2145
李袋果病|侵染|早春温暖少雨干燥|1|2146
李袋果病|侵染|气温超过30℃不发病|1|2147
李袋果病|防治|加强果园管理|1|2148
李袋果病|防治|摘除病叶|1|2149
李袋果病|防治|集中烧毁|1|2150
李袋果病|防治|增施肥料|1|2151
李|防治|褐斑穿孔病|1|2152
李|属于|核果类果树|3|2153,2165,2329
叶片|受害|褐斑穿孔病|1|2154
病斑|防治|化学防治|1|2155
病斑|产生|霉状物|1|2156
果树|防治|病害|1|2157
李高效生产及绿色防控技术|防治方法|加强果园管理|1|2158
李高效生产及绿色防控技术|防治方法|冬季清园|1|2159
李高效生产及绿色防控技术|防治方法|化学防治|1|2160
李穿孔性叶点病|病原|半知菌亚门腔孢纲球壳孢目叶点霉属|1|2161
李穿孔性叶点病|危害|叶片|1|2162
李穿孔性叶点病|发生规律|菌丝体或分生孢子器越冬|1|2163
李穿孔性叶点病|传播|风雨传播|1|2164
霉斑穿孔病|危害|李|1|2166
李|遭受|霉斑穿孔病|1|2167
病斑|颜色变化|淡黄绿色→褐色|1|2168
病斑|形状|圆形或不规则形|1|2169
病斑|直径|2~3毫米|1|2170
病斑|后期边缘产生|裂缝|1|2171
病斑|导致|穿孔|1|2172
穿孔|边缘|整齐|1|2173
穿孔|残留组织|无坏死|1|2174
病斑|潮湿时背面|长出灰黑色霉层|1|2175
病斑|最终脱落|穿孔|1|2176
幼叶|被害后|焦枯|1|2177
新梢|发病时|形成长椭圆形病斑|1|2178
新梢|病斑边缘|紫褐色|1|2179
新梢|病斑|龟裂和流胶|1|2180
老枝条|形成|球形瘤状物|1|2181
果实|被害后|病斑初为紫色|1|2182
果实|病斑颜色变化|紫色→褐色|1|2183
果实|病斑边缘|红色|1|2184
果实|病斑中央|稍凹陷|1|2185
花梗|发病后|不开花即干枯脱落|1|2186
霉斑穿孔病|病原|嗜果刀孢|1|2187
霉斑穿孔病|病原分类|半知菌亚门丝孢纲丝孢目|1|2188
李|防治|霉斑穿孔病|1|2189
防治方法|包括|加强果园管理|1|2190
防治方法|包括|化学防治|2|2191,3351
化学防治|使用药剂|430克/升戊唑醇悬浮剂|1|2192
化学防治|使用药剂|10%苯醚甲环唑水分散粒剂|1|2193
化学防治|使用药剂|80%代森锰锌可湿性粉剂|1|2194
化学防治|使用药剂|25%吡唑醚菌酯悬浮剂|1|2195
化学防治|使用药剂|30%唑醚·戊唑醇悬浮剂|1|2196
化学防治|使用药剂|40%苯甲·肟菌酯水分散粒剂|1|2197
化学防治|使用药剂|30%苯甲·丙环唑悬乳剂|1|2198
化学防治|喷药频率|15天左右喷1次|1|2199
化学防治|喷药次数|连喷2次左右|1|2200
李高效|生产及绿色防控技术|叶片发病后继续产生分生孢子|1|2201
李高效|危害症状|叶片受害，叶面上先产生橙黄色稍隆起圆形小点|1|2202
李高效|防治方法|剪除枯枝、病梢，及时清扫落叶、落果等，集中烧毁|1|2203
李高效|防治方法|增强树势。增施有机肥和磷、钾肥，避免偏施氮肥|1|2204
李高效|防治方法|清园杀菌。花芽露白前(萌芽初期)，喷药清园|1|2205
李高效|防治方法|化学防治。从落花后半月左右开始喷药|1|2206
李红点病|危害症状|叶片受害，叶面上先产生橙黄色稍隆起圆形小点|1|2207
李红点病|危害症状|然后病斑扩大，病部叶肉增厚，病斑正面凹陷，形成边缘清晰的橙黄色圆形病斑，表面逐渐产生橘红色小点|1|2208
李红点病|危害症状|随病斑发展，病部叶肉增厚明显，正面显著凹陷，背面形成突起，病斑颜色呈橘红色|1|2209
李红点病|病原|子囊菌亚门的李疔菌[Polys-tigmarubrum(Pers.)DC.]|1|2210
李红点病|病原|无性阶段为半知菌亚门的多点霉菌[Polysti|1|2211
李病虫害防治|属于|农业防治|1|2212
李病虫害防治|属于|病害管理|1|2213
病斑|属于|病态特征|1|2214
病叶卷曲|属于|病态特征|1|2215
叶片脱落|属于|病态特征|1|2216
果实受害|属于|病态特征|1|2217
病菌|感染|李树|1|2218
子囊壳|越冬于|病落叶|1|2219
子囊孢子|传播途径|风雨及气流|1|2220
分生孢子器|成熟期|7—8月|1|2221
子囊壳|成熟期|10—11月|1|2222
李园|管理|加强|1|2223
有机肥|作用|改良土壤|1|2224
抗病能力|增强|树体|1|2225
排水|措施|果园管理|1|2226
病叶|清除|李园|1|2227
病果|清除|李园|1|2228
烧毁|处理|病叶、病果|1|2229
深埋|处理|病叶、病果|1|2230
喷药|防治方法|化学防治|1|2231
药剂|选择|烯唑醇、苯醚甲环唑、戊唑醇、肟菌·戊唑醇、丁香·戊唑醇、多菌灵、丙环唑|1|2232
悬浮剂|稀释倍数|750~1000、1500〜2000、3000~4000、2000〜3000、2500〜3000、800~1000、1000〜1500、1000〜1500|1|2233
炭疽病|病原|子囊菌亚门小丛壳属的围小丛壳菌|1|2234
炭疽病|无性阶段|半知菌亚门炭疽菌属的胶孢炭疽菌|1|2235
桃|遭受|炭疽病|1|2236
李|遭受|炭疽病|1|2237
杏|遭受|炭疽病|1|2238
核果类果树|遭受|炭疽病|1|2239
全国各产区|分布|炭疽病|1|2240
李高效|危害症状|果实淡褐色水渍状病斑|1|2242
李高效|危害症状|红褐色病斑|1|2243
李高效|危害症状|灰褐色病斑|1|2244
李高效|危害症状|叶片焦枯|1|2245
李高效|危害症状|椭圆形病斑|1|2246
李高效|危害症状|小黑点|1|2247
李高效|危害症状|同心轮纹状排列|1|2248
李高效|危害规律|病菌越冬|1|2249
李高效|危害规律|分生孢子盘|1|2250
李高效|危害规律|风雨传播|1|2251
李高效|危害规律|侵入新梢和幼果|1|2252
李高效|危害规律|初侵染|1|2253
李高效|危害规律|潜伏侵染|1|2254
炭疽病|与降水和空气湿度有密切关系|疾病发生|1|2256
炭疽病|在高温高湿条件下|发病严重|1|2257
幼果期|雨水多|有利于分生孢子的产生、传播和侵染|1|2258
果实膨大期|进入发病期|发病期|1|2259
连续几天阴雨|导致炭疽病|暴发|1|2260
春季雨水充足、夏季高温多雨|往往发病重|炭疽病|1|2261
栽培管理粗放|虫害危害严重|给病菌造成侵染机会|1|2262
果园郁闭、树势衰弱|发病较重|炭疽病|1|2263
清除初侵染源|防治方法|炭疽病|1|2264
冬季剪枝|清除果园病枝|防治方法|1|2265
石硫合剂|喷施|果园|1|2266
波尔多液|喷施|果园|1|2267
合理密植|加强果园管理|防治方法|1|2268
整形修剪|加强果园管理|防治方法|1|2269
果园通风透光|加强果园管理|防治方法|1|2270
注意果园排水|加强果园管理|防治方法|1|2271
合理施肥|加强果园管理|防治方法|1|2272
化学防治|防治方法|炭疽病|1|2273
坐果后|开始进行化学防治|时间|1|2274
雨季前和发病初期|喷药重点|时间|1|2275
药剂|选用|化学防治|1|2276
苯醚·甲环唑悬浮剂|喷施|药剂|1|2277
吡唑·醚菌酯悬浮剂|喷施|药剂|1|2278
啶氧菌酯悬浮剂|喷施|药剂|1|2279
二氰蒽醌悬浮剂|喷施|药剂|1|2280
二氰·吡唑酯悬浮剂|喷施|药剂|1|2281
苯甲·吡唑酯悬浮剂|喷施|药剂|1|2282
唑醚·代森联水分散粒剂|喷施|药剂|1|2283
唑醚·戊唑醇悬浮剂|喷施|药剂|1|2284
疮痂病|危害|李|1|2285
疮痂病|危害|梅|1|2286
疮痂病|危害|杏|1|2287
疮痂病|危害|桃|1|2288
疮痂病|危害|扁桃|1|2289
疮痂病|危害|樱桃|1|2290
疮痂病|病原|半知菌类枝孢霉属的嗜果枝孢|1|2291
疮痂病|有性阶段|子囊菌门嗜果黑星菌属的嗜果黑星菌|1|2292
李高效|危害|果实及枝梢|1|2294
李高效|症状|暗褐色至深褐色圆形斑点|1|2295
李高效|症状|黑色痣状病斑|1|2296
李高效|症状|直径2~3毫米|1|2297
李高效|症状|黑色霉状物|1|2298
李高效|侵染|表层组织|1|2299
李高效|病部|组织枯死后果肉继续生长|1|2300
李高效|病果|病斑处发生龟裂|1|2301
李高效|病果|疮痂状|1|2302
李高效|病果|果实开裂|1|2303
李高效|新梢|长圆形浅褐色病斑|1|2304
李高效|新梢|暗褐色病斑|1|2305
李高效|新梢|病部微隆起|1|2306
李高效|新梢|常发生流胶|1|2307
李高效|叶片|多角形或不规则形灰绿色病斑|1|2308
李高效|叶片|暗色或紫红色病斑|1|2309
李高效|叶片|病部干枯脱落|1|2310
李高效|发生规律|菌丝体越冬|1|2311
李高效|发生规律|春季气温上升产生分生孢子|1|2312
李高效|发生规律|风雨传播|1|2313
李高效|发生规律|果实上潜伏期40~70天|1|2314
李高效|发生规律|新梢和叶片上潜伏期25~45天|1|2315
李高效|发生规律|5—6月发病最盛|1|2316
李高效|发生规律|孢子产生最适温度20~28℃|1|2317
李高效|发生规律|相对湿度80%以上|1|2318
李高效|发生规律|多雨和高湿有利于病害流行|1|2319
李高效|发生规律|春季和初夏降水量多时发病严重|1|2320
李高效|发生规律|排水不良加重病害|1|2321
李高效|发生规律|枝条郁闭加重病害|1|2322
李高效|发生规律|老树园、病原菌密度大果园发病重|1|2323
李高效|防治方法|加强果园管理|1|2324
李高效|防治方法|剪除病枯枝|1|2325
李高效|防治方法|清除僵果、残桩|1|2326
李高效|防治方法|集中烧毁或深埋|1|2327
李高效|防治方法|注意雨后排水|1|2328
白粉病|感染|李|1|2330
三指叉丝单囊壳|属于|子囊菌亚门|1|2331
白粉病|由|三指叉丝单囊壳引起|1|2332
白粉孢|属于|半知菌亚门|1|2333
白粉孢|属于|丝孢纲|1|2334
白粉孢|产生|分生孢子梗|1|2335
白粉孢|产生|分生孢子|1|2336
病斑|包含|黑色小颗粒|1|2337
黑色小颗粒|属于|病菌有性阶段|1|2338
白色粉斑|属于|病菌无性阶段|1|2339
白色粉斑|由|白粉孢形成|1|2340
白粉病|危害|叶片|1|2341
白粉病|危害|新梢|1|2342
白粉病|危害|果实|1|2343
白粉病|危害|芽|1|2344
白粉病|产生|白粉状物|1|2345
白粉病|产生|褐色至黑色小颗粒状物|1|2346
叶片|受害|白粉病|1|2347
叶背|受害|白粉病|1|2348
叶片|症状|白粉斑|1|2349
叶片|症状|褪绿黄斑|1|2350
叶片|症状|凹凸不平|1|2351
叶片|症状|扭曲畸形|1|2352
叶片|症状|脱落|1|2353
果实|受害|白粉病|1|2354
果实|症状|病斑|1|2355
果实|症状|绒毛状白粉|1|2356
果实|症状|失绿黄白色|1|2357
果实|症状|浅褐色小斑点|1|2358
果实|症状|白色菌丝体|1|2359
果实|症状|浅褐色细小花纹状锈斑|1|2360
果实|症状|角质化龟裂|1|2361
果实|症状|生长缓慢|1|2362
果实|症状|畸形|1|2363
果实|症状|小|1|2364
果实|症状|变黄萎蔫|1|2365
果实|症状|脱落|1|2366
白粉病|传播|气流|1|2367
白粉病|越冬|菌丝体|1|2368
白粉病|越冬|闭囊壳|1|2369
病芽|产生|分生孢子|1|2370
分生孢子|传播|气流|1|2371
白粉病|再侵染|气流传播|1|2372
果园|管理|粗放|1|2373
果园|发生|白粉病|1|2374
年份|特点|干旱|1|2375
年份|特点|潮湿环境|1|2376
果园|条件|多雨季节|1|2377
果园|条件|通风透光良好|1|2378
防治|方法|加强果园管理|1|2379
防治|方法|化学防治|1|2380
白粉病|控制|药剂喷洒|1|2381
药剂喷洒|时间|落花后立即|1|2382
药剂喷洒|频率|7~10天1次|1|2383
药剂喷洒|次数|连续喷洒2次|1|2384
李树|遭受|褐锈病|1|2385
褐锈病|危害|叶片|1|2386
叶片|属于|李树|1|2387
李树|进行|防治|2|2388,3101
防治|使用|药剂|1|2389
药剂|包含|已唑醇·乙嘧酚悬浮剂|1|2390
已唑醇·乙嘧酚悬浮剂|使用|800~1000倍液|1|2391
药剂|包含|烯唑醇可湿性粉剂|1|2392
烯唑醇可湿性粉剂|使用|750~1000倍液|1|2393
药剂|包含|四氟醚唑水乳剂|1|2394
四氟醚唑水乳剂|使用|800~1000倍液|1|2395
药剂|包含|醚菌酯水分散粒剂|1|2396
醚菌酯水分散粒剂|使用|2000~3000倍液|1|2397
药剂|包含|吡唑·醚菌酯悬浮剂|1|2398
吡唑·醚菌酯悬浮剂|使用|1500~2000倍液|1|2399
褐锈病|病原|刺李瘤双胞锈菌|1|2400
刺李瘤双胞锈菌|属于|担子菌亚门|1|2401
担子菌亚门|包含|冬孢菌纲|1|2402
冬孢菌纲|包含|锈菌目|1|2403
刺李瘤双胞锈菌|产生|夏孢子|1|2404
夏孢子|堆|褐色疱疹斑|1|2405
夏孢子|传播|气流|1|2406
叶片|遭受|侵染|1|2407
侵染|导致|叶片变黄脱落|1|2408
褐锈病|发生|6—7月开始|1|2409
李树|落叶后至发芽前|清除落叶|1|2410
李树|注意|清除杂草|1|2411
李树|患上|膏药病|1|2412
膏药病|病原|担子菌亚门|1|2413
担子菌亚门|属于|真菌|1|2414
田中氏隔担耳|属于|担子菌亚门|1|2415
茂物隔担耳|属于|担子菌亚门|1|2416
膏药病|危害|树干|1|2417
膏药病|危害|枝梢|1|2418
膏药病|危害|叶片|1|2419
膏药病|危害|果实|1|2420
膏药病|症状|产生菌丝层膜|1|2421
膏药病|症状|呈圆形或不规则形|1|2422
膏药病|症状|质地疏松|1|2423
膏药病|症状|颜色变化|1|2424
膏药病|症状|导致树皮腐烂|1|2425
膏药病|症状|树势衰弱|1|2426
褐色膏药病|症状|呈丝绒状|1|2427
褐色膏药病|症状|外缘有灰白色带|1|2428
褐色膏药病|症状|菌膜下树皮易腐烂|1|2429
褐色膏药病|症状|子实体后期常龟裂|1|2430
褐色膏药病|症状|易剥离|1|2431
李园|发生|介壳虫|1|2432
李园|发生|蚜虫|1|2433
菌膜|功能|越冬|1|2434
春季|膏药病|发生规律|1|2435
温度|影响|菌丝生长|1|2436
湿度|影响|菌丝生长|1|2437
子实体|传播|孢子|1|2438
子实体|传播|风雨|1|2439
子实体|传播|昆虫|1|2440
李树|进行|喷雾防治|1|2441
药剂|用于|预防|1|2442
药剂|用于|治疗|1|2443
代森锰锌可湿性粉剂|功能|预防|1|2444
烯唑醇可湿性粉剂|功能|预防|1|2445
苯醚·甲环唑水分散粒剂|功能|防治|1|2446
戊唑醇悬浮剂|功能|防治|1|2447
苯甲·丙环唑悬乳剂|功能|防治|1|2448
唑醚·戊唑醇悬浮剂|功能|防治|1|2449
李树腐烂病|危害|李树|1|2450
李树腐烂病|别名|干枯病、烂皮病|1|2451
李树腐烂病|病原菌|核果黑腐皮壳|1|2452
核果黑腐皮壳|属于|子囊菌亚门|1|2453
核果黑腐皮壳|属于|核菌纲|1|2454
核果黑腐皮壳|属于|球壳菌目|1|2455
核果黑腐皮壳|无性阶段|核果壳囊孢|1|2456
核果壳囊孢|属于|半知菌类|1|2457
核果壳囊孢|属于|壳囊孢属|1|2458
病斑|包含|子座组织|1|2459
病斑|包含|分生孢子器|1|2460
病斑|包含|子囊壳|1|2461
病斑|包含|孢子|1|2462
病斑|呈现|橘黄色丝状物|1|2463
溃疡型病斑|发生位置|较粗大枝干上|1|2464
溃疡型病斑|发生季节|春季到秋季|1|2465
溃疡型病斑|感染|较小枝条|1|2466
溃疡型病斑|症状|稍凹陷的褪绿病部区域|1|2467
溃疡型病斑|症状|琥珀色的流胶|1|2468
枝枯型病斑|发生位置|较细小枝条上|1|2469
枝枯型病斑|症状|病斑扩展较快|1|2470
枝枯型病斑|症状|易环绕枝条一周造成枝条枯死|1|2471
树势衰弱|易感|李树腐烂病|1|2472
病菌|感染|果树|1|2474
果树|遭受|冻害|1|2475
果树|遭受|病害|1|2476
土壤|影响|果树生长|1|2477
果园|管理|农业|1|2478
李树|遭受|枝枯病危害|1|2479
枝枯病|由|七叶树壳梭孢引起|1|2480
七叶树壳梭孢|属于|真菌|1|2481
施肥量不足|导致|李树营养不良|1|2482
李树营养不良|引起|枝腐病|1|2483
枝干流胶病|与|修剪不良相关|1|2484
排水不良|导致|李树园地湿度大|1|2485
湿度大的园地|促使|枝枯病发生严重|1|2486
合理施肥|有助于|李树健康成长|1|2487
磷钾肥|促进|李树健壮生长|1|2488
氮肥|控制|李树坐果量|1|2489
树体通风透光|预防|枝枯病发生|1|2490
开深沟排水|降低|田间湿度|1|2491
甲基硫菌灵伤口愈合剂|用于|治疗李树枝枯病|1|2492
菌毒清|用于|防治李树病害|1|2493
李高效|绿色防控技术|水剂30~50倍液保护伤口|1|2495
李高效|绿色防控技术|95%敌磺钠可溶性粉剂600倍液消毒|1|2496
真菌性流胶病|发生|李|1|2497
真菌性流胶病|分类|非侵染性病害|1|2498
真菌性流胶病|分类|侵染性病害|1|2499
真菌性流胶病|病原|子囊菌门|1|2500
真菌性流胶病|病原|葡萄座腔菌属|1|2501
真菌性流胶病|病原|茶薰子葡萄座腔菌|1|2502
真菌性流胶病|病原|半知菌类七叶树壳梭孢|1|2503
真菌性流胶病|危害|枝干|1|2504
真菌性流胶病|危害|果实|1|2505
真菌性流胶病|发生规律|分生孢子器越冬|1|2506
真菌性流胶病|发生规律|菌丝体越冬|1|2507
真菌性流胶病|发生规律|子囊座越冬|1|2508
真菌性流胶病|发生规律|3月下旬至4月中旬产生分生孢子|1|2509
真菌性流胶病|发生规律|分生孢子萌发产生芽管|1|2510
真菌性流胶病|发生规律|雨水传播|1|2511
真菌性流胶病|发生规律|皮孔侵入|1|2512
真菌性流胶病|发生规律|气候影响|1|2513
李病虫害防治|防治|病虫害|1|2515
果园管理|增强|抗病性|1|2516
果园管理|包括|合理施肥|1|2517
果园管理|包括|增施有机肥|2|2518,2868
果园管理|包括|磷、钾肥|1|2519
果园管理|注意|排水|1|2520
果园管理|注意|排盐|1|2521
果园管理|包括|合理修剪|1|2522
果园管理|包括|减少枝干伤口|1|2523
果园管理|包括|预防病虫伤口|1|2524
果园管理|包括|田间管理时注意不要损伤树干皮层|1|2525
果园管理|包括|在高温干旱季节及时灌水|1|2526
清除越冬菌源|属于|李病虫害防治方法|1|2527
清除越冬菌源|包括|除去有病害的枝梢|1|2528
清除越冬菌源|包括|刮除流胶硬块及其下部的腐烂皮层及木质|1|2529
清除越冬菌源|包括|喷雾消毒杀菌|1|2530
清除越冬菌源|包括|使用伤口愈合剂促进伤口愈合|1|2531
清除越冬菌源|包括|树干、大枝涂白|1|2532
化学防治|属于|李病虫害防治方法|1|2533
化学防治|时间|5—6月生长季节|1|2534
化学防治|包括|喷施烯唑醇可湿性粉剂|1|2535
化学防治|包括|喷施多菌灵可湿性粉剂|1|2536
化学防治|包括|喷施腐霉利可湿性粉剂|1|2537
李白纹羽病|属于|真菌病害(根)|1|2538
李白纹羽病|分布|广|1|2539
李白纹羽病|寄主|包括李、桃、梨、葡萄、板栗、柑橘、甘薯、马铃薯和大豆等作物|1|2540
李白纹羽病|危害|细支根|1|2541
李白纹羽病|病原|子囊菌亚门的褐座坚壳|1|2542
李白纹羽病|无性世代|白纹羽束丝菌|1|2543
李高效|生产及绿色防控技术|植物病害|1|2544
李高效|症状|地上部分衰弱，叶片变黄、枯萎、变小、枯枝、枯干|1|2545
李高效|症状|根部表面缠有灰白色蛛网状菌丝层，皮层变褐、腐烂且新根稀少|1|2546
李高效|症状|树皮变黑，容易脱落，易从土中拔出，根颈部出现黑色胶状溢出物，易折断|1|2547
李高效|生长条件|土壤湿度过大，温度适宜（25°C最适，30°C最高，11.5°C最低）|1|2548
李高效|发生因素|土壤潮湿、排水不良、施肥不当、有机质缺乏、定植过深或培土过厚、耕作时伤害根部|1|2549
李高效|防治方法|农业防治（雨后排水，合理施肥，增施有机肥，合理整枝修剪）|1|2550
李高效|防治方法|化学防治（剔除病苗，浸根处理，药物治疗（甲霜灵、福美双、代森铵），避免高温干燥季节施药）|1|2551
桃根朽病|危害|桃树|1|2552
蜜环菌|属于|担子菌门|1|2553
蜜环菌|属于|伞菌目|1|2554
蜜环菌|属于|蜜环菌属|1|2555
假蜜环菌|属于|伞菌目|1|2556
假蜜环菌|属于|蜜环菌属|1|2557
奥氏蜜环菌|属于|伞菌目|1|2558
奥氏蜜环菌|属于|蜜环菌属|1|2559
桃根朽病|病原|蜜环菌|1|2560
桃根朽病|病原|假蜜环菌|1|2561
桃根朽病|病原|奥氏蜜环菌|1|2562
桃根朽病|症状|树势衰退|1|2563
桃根朽病|症状|死亡|1|2564
桃根朽病|分布|世界其他地区|1|2565
桃根朽病|分布|新建果园|1|2566
桃根朽病|寄主|李|1|2567
桃根朽病|寄主|梨|1|2568
桃根朽病|寄主|山楂|1|2569
桃根朽病|寄主|枣|1|2570
桃根朽病|寄主|杨|1|2571
桃根朽病|寄主|榆|1|2572
桃根朽病|寄主|柳|1|2573
桃根朽病|寄主|刺槐|1|2574
桃根朽病|寄主|葡萄|1|2575
桃根朽病|寄主|板栗|1|2576
桃根朽病|寄主|苹果|1|2577
桃根朽病|侵染|根颈部伤口|1|2578
桃根朽病|扩展|主干|1|2579
桃根朽病|扩展|主根|1|2580
桃根朽病|菌丝层|白色至淡黄色|1|2581
桃根朽病|菌丝层|扇形|1|2582
桃根朽病|分泌物|纤维素酶|1|2583
桃根朽病|分泌物|半纤维素酶|1|2584
桃根朽病|分泌物|木质素酶|1|2585
桃根朽病|病部|变软|1|2586
桃根朽病|病部|变白|1|2587
桃根朽病|病部|腐烂|1|2588
桃根朽病|病部|具有蘑菇气味|1|2589
桃根朽病|病部|褐色蘑菇|1|2590
桃根朽病|病部|成簇|1|2591
桃根朽病|病部|夏末至早秋|1|2592
桃根朽病|病部|蓝绿色荧光|1|2593
桃根朽病|病部|黄褐色至褐色|1|2594
桃根朽病|病部|不发光|1|2595
李根瘤病|病原|根癌土壤杆菌|1|2597
根癌土壤杆菌|属于|根瘤菌科|1|2598
根癌土壤杆菌|菌体形态|杆状|1|2599
根癌土壤杆菌|大小|(0.4~0.8)微米×(1.0~3.0)微米|1|2600
根癌土壤杆菌|特征|具1~4根周生边毛,有荚膜,无芽孢|1|2601
根癌土壤杆菌|菌落特征|白色、圆形、透明、稍突起|1|2602
根癌土壤杆菌|革兰氏染色反应|阴性|1|2603
根癌土壤杆菌|生长条件|好气|1|2604
根癌土壤杆菌|生活环境|土壤|1|2605
李根瘤病|传播途径|土壤带菌|1|2606
李根瘤病|发生规律|春、秋季多发|1|2607
李根瘤病|防治方法|铲除侵染源,切断传播途径|1|2608
李根瘤病|防治方法|药剂灌根|1|2609
李树|属于|蔷薇科|1|2610
根瘤病|危害|李树|1|2611
根瘤病|寄主|杨柳科|1|2612
根瘤病|症状|植株生长缓慢|1|2613
根瘤病|症状|叶片小而窄|1|2614
根瘤病|症状|叶色发黄|1|2615
根瘤病|症状|花芽不饱满|1|2616
根瘤病|症状|根系发育不良|1|2617
根瘤病|症状|产生新根少|1|2618
根瘤病|症状|主根及侧根产生癌瘤|1|2619
根瘤病|症状|癌瘤表面粗糙不平|1|2620
根瘤病|症状|癌瘤随病情加重变大|1|2621
根瘤病|症状|数量增加|1|2622
根瘤病|症状|整株植株死亡|1|2623
根瘤病|发生规律|根颈处、嫁接口附近|1|2624
根瘤病|发生规律|侧根和毛细根受害|1|2625
李树|病害|根瘤病|1|2626
根癌土壤杆菌|生长温度|10∼34°|1|2627
根癌土壤杆菌|最适温度|25∼30°|1|2628
根癌土壤杆菌|致死温度|51°|1|2629
根癌土壤杆菌|最适pH|7.3|1|2630
土壤湿度|与|根癌土壤杆菌病害发生密切相关|1|2631
土壤温度|与|根癌土壤杆菌病害发生密切相关|1|2632
根癌土壤杆菌|与|肿瘤形成密切相关|1|2633
环境条件|与|根癌土壤杆菌侵染发病相关|1|2634
土壤pH|与|根癌土壤杆菌病害发生相关|1|2635
土壤黏重|与|根癌土壤杆菌病害发生相关|1|2636
根部创伤|与|根癌土壤杆菌病害发生相关|1|2637
病菌存活时间|与|病株未被清理部分相关|1|2638
病菌传播|与|带菌苗木传播相关|1|2639
病菌传播|与|雨水传播相关|1|2640
病菌传播|与|灌溉水传播相关|1|2641
病菌|与|癌瘤组织皮层相关|1|2642
嫁接|与|病菌入侵相关|1|2643
害虫危害|与|病菌入侵相关|1|2644
耕作|与|病菌入侵相关|1|2645
细胞分裂|与|癌瘤形成相关|1|2646
消毒|与|防治根癌土壤杆菌病害相关|1|2647
硫黄粉|与|土壤消毒相关|1|2648
硫酸亚铁|与|土壤消毒相关|1|2649
漂白粉|与|土壤消毒相关|1|2650
次氯酸钠|与|消毒李实生砧木种子相关|1|2651
苗木消毒|与|防治根癌土壤杆菌病害相关|1|2652
李|属于|植物|3|2653,2811,3395
病虫雪防治|属于|李的管理方法|1|2654
K84|防治|病虫雪|1|2655
石灰乳|涂抹|伤口|1|2656
波尔多液|涂抹|伤口|1|2657
甲冰碘液|涂抹|病瘤|1|2658
二硝基邻甲酚钠|涂抹|病瘤|1|2659
细菌素|处理|病瘤|1|2660
二甲苯酚|属于|细菌素成分|1|2661
甲酚|属于|细菌素成分|1|2662
碳氢化合物|包含|二甲苯酚|1|2663
碳氢化合物|包含|甲酚|1|2664
李细菌性穿孔病|危害|李|1|2665
李细菌性穿孔病|危害|桃|1|2666
李细菌性穿孔病|危害|杏|1|2667
Xanthomonas pruni|是|李细菌性穿孔病的病原|1|2668
Pseudomonas syringae|是|李细菌性穿孔病的病原|1|2669
叶片|受到|李细菌性穿孔病的危害|1|2670
果实|受到|李细菌性穿孔病的危害|1|2671
新梢|受到|李细菌性穿孔病的危害|1|2672
黄白色胶状菌液|溢出|病斑|1|2673
病斑|脱落|叶片|1|2674
穿孔|形成|叶片|1|2675
病斑|形成|果实|1|2676
病斑|形成|枝条|1|2677
病斑|直径扩大|约2毫米|1|2678
病斑|长度扩展|1~10厘米|1|2679
病斑|表皮破裂|春末|1|2680
病斑|发生在|新梢|1|2681
病斑|颜色|褐色至黑褐色|1|2682
病斑|凹陷|稍凹陷|1|2683
病斑|边缘|水渍状|1|2684
菌液|溢出|病斑|1|2685
李属坏死环斑病毒病|属于|疾病|1|2687
果树|预防|李属坏死环斑病毒病|1|2688
石硫合剂|用于|防治|1|2689
果园管理|加强|石硫合剂|1|2690
果园管理|加强|有机肥|1|2691
果园管理|加强|果树抗病性|1|2692
果园管理|加强|修剪|1|2693
果园管理|加强|排水|1|2694
果园管理|加强|降低湿度|1|2695
化学防治|使用|石硫合剂|1|2696
化学防治|使用|辛菌胺醋酸盐水剂|1|2697
化学防治|使用|春雷霉素水剂|1|2698
化学防治|使用|中生菌素可湿性粉剂|1|2699
化学防治|使用|松脂酸铜悬浮剂|1|2700
化学防治|使用|噻唑锌悬浮剂|1|2701
化学防治|使用|喹啉铜悬浮剂|1|2702
化学防治|使用|大蒜素微乳剂|1|2703
化学防治|使用|春雷·喹啉铜悬浮剂|1|2704
化学防治|使用|四霉素可溶液剂|1|2705
化学防治|使用|戊唑·噻唑锌悬浮剂|1|2706
化学防治|使用|肟菌·喹啉铜水分散粒剂|1|2707
化学防治|使用|喹啉·戊唑醇悬浮剂|1|2708
李属坏死环斑病毒|感染|果树|1|2709
李属坏死环斑病毒|属于|雀麦花叶病毒科|1|2710
李属坏死环斑病毒|具有|等轴对称三分体球形病毒颗粒|1|2711
李属坏死环斑病毒|具有|直径22~23纳米|1|2712
李属坏死环斑病毒|具有|无包膜|1|2713
李属坏死环斑病毒|具有|4个RNA组分|1|2714
李属坏死环斑病毒|属于|植物病毒|1|2715
李属坏死环斑病毒|危害|桃|1|2716
李属坏死环斑病毒|危害|李|1|2717
李属坏死环斑病毒|危害|杏|1|2718
李属坏死环斑病毒|危害|樱桃|1|2719
李属坏死环斑病毒|传播|种子|1|2720
李属坏死环斑病毒|传播|花粉|1|2721
李属坏死环斑病毒|传播|蜜蜂|1|2722
PNRSV|影响|症状多样性|1|2723
PNRSV|影响|植物生长|1|2724
PNRSV|影响|花期|1|2725
PNRSV|影响|花梗长度|1|2726
PNRSV|影响|花瓣|1|2727
PNRSV|影响|叶黄化|1|2728
PNRSV|影响|叶变形|1|2729
PNRSV|影响|枝条流胶|1|2730
PNRSV|影响|顶梢枯死|1|2731
植物检疫|措施|防止PNRSV传播|1|2732
无毒苗木|培育|防止PNRSV感染|1|2733
接穗|选用|无毒接穗|1|2734
李高效|生产及绿色防控技术|李病害|1|2735
李病害|防控方法|使用无毒植株|1|2736
热处理|有效脱除|PNRSV及其他等轴不稳环斑病毒属病毒|1|2737
茎尖脱毒处理|获得|健康接穗|1|2738
苗圃|与商业化果园隔开|阻止染毒花粉传播|1|2739
李矮缩病毒|属于|雀麦花叶病毒科|1|2740
李矮缩病毒|分布|欧洲、南美洲、北美洲、日本、澳大利亚和新西兰|1|2741
李矮缩病毒|首次报道|Thomas和Hildebrand|1|2742
李矮缩病毒|检测到|桃、樱桃|1|2743
李矮缩病毒|危害症状|叶片褪绿、扭曲、坏死、植株矮缩、流胶|1|2744
李矮缩病毒|危害症状明显季节|春、夏|1|2745
李矮缩病毒|寄主范围|广泛|1|2746
李矮缩病毒|传播方式|嫁接、种子传毒|1|2747
李痘病毒|属于|马铃薯Y病毒科|1|2748
李痘病毒|引起|核果类果树病害|1|2749
李痘病毒|首次发现|1915年|1|2750
李痘病毒|发现地点|保加利亚|1|2751
李痘病毒|传播国家|56个|1|2752
李痘病毒|检疫性有害生物|中华人民共和国|1|2753
李痘病毒|风险分析评估|世界各国|1|2754
李痘病毒|侵染时期|花期、果期、营养生长期|1|2755
李痘病毒|症状|叶片痘疱、果实畸形、果肉褐变、未熟先落|1|2756
李痘病毒|相似病毒|苹果褪绿叶斑病毒（ACLSV）|1|2757
李痘病毒|危害因素|发生地点、发病季节、李属植物种类、品种、侵染组织|1|2758
李痘病毒|属于|植物病毒|1|2759
李痘病毒|通过|蚜虫传播|1|2760
李痘病毒|通过|种子传播|1|2761
李痘病毒|发生|温带气候|1|2762
李痘病毒|发生|中温带气候|1|2763
李痘病毒|适应|湿润暖温带气候|1|2764
李痘病毒|适应|干旱气候|1|2765
李痘病毒|适应|不同降水量气候|1|2766
李痘病毒|防治|加强检疫|1|2767
李痘病毒|防治|监测|1|2768
李痘病毒|防治|培育无毒苗木|1|2769
李痘病毒|防治|使用无毒接穗|1|2770
李痘病毒|检测|菊叶香藜|1|2771
李痘病毒|检测|GF305桃实生苗|1|2772
李痘病毒|检测|假酸浆|1|2773
李痘病毒|检测|田野毛茛|1|2774
李痘病毒|检测|郁李|1|2775
李痘病毒|检测|海滨李|1|2776
李树|遭受|根结线虫病害|1|2777
根结线虫|寄生|李树根部|1|2778
根结线虫|导致|根瘤形成|1|2779
根瘤|影响|植株发育|1|2780
根瘤|影响|营养吸收|1|2781
根结线虫|导致|叶片黄化|1|2782
根结线虫|导致|新陈代谢能力减弱|1|2783
根结线虫|导致|早期落叶|1|2784
根结线虫|导致|果树产量下降|1|2785
根结线虫|属于|侧尾腺口纲垫刃目|1|2786
根结线虫|属于|根结线虫属|1|2787
南方根结线虫|是|根结线虫的一种|1|2788
花生根结线虫|是|根结线虫的一种|1|2789
爪哇根结线虫|是|根结线虫的一种|1|2790
北方根结线虫|不寄生|李属植物|1|2791
根结线虫|寄生|植物|1|2792
根结线虫|传播|种苗|1|2793
根结线虫|传播|肥料|1|2794
根结线虫|传播|农具|1|2795
根结线虫|传播|水流|1|2796
根结线虫|传播|线虫移动|1|2797
根结线虫|生活阶段|卵|1|2798
根结线虫|生活阶段|幼虫|1|2799
根结线虫|适宜温度|20~30℃|1|2800
根结线虫|最高温度|40~55℃|1|2801
根结线虫|最低温度|10~15℃|1|2802
根结线虫|影响因素|土壤湿度|1|2803
根结线虫|影响因素|土壤温度|1|2804
南方根结线虫|最适生存温度|25~30℃|1|2805
花生根结线虫|最适生存温度|25~30℃|1|2806
爪哇根结线虫|最适生存温度|25~30℃|1|2807
根结线虫|失去侵染能力条件|高于40℃或低于5℃|1|2808
根结线虫|死亡条件|土壤干燥|1|2809
根结线虫|孵化条件|土壤中有足够水分|1|2810
防治方法|用于|李病虫害防治|1|2812
物理防治|属于|防治方法|2|2813,3397
高温|属于|物理防治|1|2814
水淹法|属于|物理防治|1|2815
冰冻处理|属于|物理防治|1|2816
土壤消毒|属于|防治方法|1|2817
棉隆微粒剂|用于|土壤消毒|1|2818
噻唑膦颗粒剂|用于|土壤消毒|1|2819
辛硫磷乳油|用于|土壤消毒|1|2820
敌百虫晶体|用于|土壤消毒|1|2821
淡紫拟青霉|属于|生物防治|1|2822
阿维菌素乳油|属于|生物防治|1|2823
喷施|属于|施用方法|1|2824
灌根|属于|施用方法|1|2825
捕捉植物|属于|生物防治|1|2826
拮抗植物|属于|生物防治|1|2827
白菜|属于|捕捉植物|1|2828
菠菜|属于|捕捉植物|1|2829
芫荽|属于|捕捉植物|1|2830
万寿菊|属于|拮抗植物|1|2831
烟草|属于|拮抗植物|1|2832
猪屎豆|属于|拮抗植物|1|2833
大蒜|属于|拮抗植物|1|2834
大葱|属于|拮抗植物|1|2835
韭菜|属于|拮抗植物|1|2836
辣椒|属于|拮抗植物|1|2837
山楂叶螨|属于|蜱螨目|1|2838
山楂叶螨|属于|叶螨科|2|2839,2863
山楂叶螨|发生规律|1年发生6~10代|1|2840
山楂叶螨|越冬场所|李枝干的翘皮、裂缝|1|2841
山楂叶螨|越冬场所|根颈周围土缝|1|2842
山楂叶螨|越冬场所|落叶及杂草|1|2843
山楂叶螨|危害|李萌芽期|1|2844
山楂叶螨|危害|叶片背面|1|2845
山楂叶螨|危害|成螨在叶片上产卵|1|2846
山楂叶螨|天敌|食螨瓢虫类|1|2847
山楂叶螨|天敌|花蝽类|1|2848
山楂叶螨|天敌|蓟马类|1|2849
山楂叶螨|天敌|草蛉|1|2850
山楂叶螨|天敌|捕食螨类|1|2851
李树|遭受|山楂叶螨危害|1|2852
山楂叶螨|危害|叶片|1|2853
山楂叶螨|分布|伊朗|1|2854
山楂叶螨|分布|土耳其|1|2855
山楂叶螨|分布|日本|1|2856
山楂叶螨|分布|朝鲜|1|2857
山楂叶螨|分布|俄罗斯|1|2858
山楂叶螨|分布|保加利亚|1|2859
山楂叶螨|分布|德国|1|2860
山楂叶螨|分布|葡萄牙|1|2861
山楂叶螨|分布|澳大利亚|1|2862
山楂叶螨|危害|李树|1|2864
山楂叶螨|繁殖|雌成螨|1|2865
李树|管理|果园管理|1|2866
果园管理|包括|加强栽培管理|1|2867
果园管理|避免|偏施氮肥|1|2869
李树|提高|耐害性|1|2870
冬季修剪|目的|刮除老翘皮|1|2871
冬季修剪|目的|消灭雌成螨|1|2872
生物防治|方法|保护自然天敌|1|2873
生物防治|药剂|少使用广谱性农药|1|2874
生物防治|方法|涂干法防治|1|2875
捕食螨|释放|条件地方|1|2876
化学防治|关键时期|李萌芽期|1|2877
化学防治|关键时期|第一代若螨发生期|1|2878
药剂|选择|联苯肼酯悬浮剂|1|2879
药剂|选择|唑螨酯悬浮剂|1|2880
药剂|选择|乙螨唑悬浮剂|1|2881
药剂|选择|阿维乳油|1|2882
药剂|选择|乙唑螨腈悬浮剂|1|2883
药剂|选择|腈吡螨酯悬浮剂|1|2884
药剂|选择|螺虫·唑螨酯悬浮剂|1|2885
药剂|选择|联肼·螺虫酯悬浮剂|1|2886
药剂|选择|丁醚·哒螨灵悬浮剂|1|2887
喷雾|要点|均匀周到|1|2888
喷雾|要点|以叶片背面为主|1|2889
二斑叶螨|俗称|白蜘蛛|1|2890
二斑叶螨|属于|叶螨科|1|2891
二斑叶螨|形态特征|卵圆形|1|2892
二斑叶螨|形态特征|乳白色|1|2893
二斑叶螨|形态特征|淡黄色|1|2894
二斑叶螨|形态特征|孵化前可见两个红色眼点|1|2895
二斑叶螨|危害|李树|1|2896
二斑叶螨|属于|害螨|1|2897
二斑叶螨|危害|棉花|1|2898
二斑叶螨|危害|苹果|1|2899
二斑叶螨|危害|桃|1|2900
二斑叶螨|危害|杏|1|2901
二斑叶螨|危害|柑橘|1|2902
二斑叶螨|危害|木薯|1|2903
二斑叶螨|危害|花卉|1|2904
二斑叶螨|繁殖|卵|1|2905
二斑叶螨|取食|叶片汁液|1|2906
二斑叶螨|越冬|雌成螨|1|2907
二斑叶螨|天敌|增多|1|2908
李树|遭受|二斑叶螨危害|1|2909
二斑叶螨|属于|害虫类|1|2910
二斑叶螨|危害|李树叶|1|2911
李树|进行|生物防治|1|2912
生物防治|使用|食螨瓢虫|1|2913
食螨瓢虫|属于|天敌|1|2914
捕食螨|属于|天敌|1|2915
二斑叶螨|防治|唑螨酯悬浮剂|1|2916
唑螨酯悬浮剂|属于|化学防治|1|2917
化学防治|使用|阿维菌素悬浮剂|1|2918
阿维菌素悬浮剂|属于|化学防治|1|2919
李树|进行|化学防治|1|2920
李树|防治|蚜虫|1|2921
蚜虫|属于|害虫类|1|2922
桃蚜|属于|蚜虫|1|2923
桃蚜|危害|桃树|1|2924
桃蚜|属于|昆虫|1|2925
李树|遭受|桃蚜危害|1|2926
卵|孵化|越冬卵|1|2927
有翅胎生雌蚜|迁飞|寄主植物|1|2928
桃蚜|传播|植物病毒|1|2929
桃蚜|寄主|蔷薇科果树|1|2930
桃蚜|分布|全球多个地区|1|2931
被害叶片|症状|卷曲皱缩|1|2932
黄板|功能|诱杀有翅蚜|1|2933
银灰膜|功能|驱蚜|1|2934
七星瓢虫|属于|桃蚜天敌|1|2935
食蚜蝇|属于|桃蚜天敌|1|2936
草蛉|属于|桃蚜天敌|1|2937
蚜茧蜂|属于|桃蚜天敌|1|2938
桑盾蚧|属于|同翅目|1|2939
桑盾蚧|属于|盾蚧科|1|2940
桑盾蚧|别称|桑白蚧|1|2941
桑盾蚧|别称|桃介壳虫|1|2942
桑盾蚧|别称|桑介壳虫|1|2943
雌虫桑盾蚧|特征|无翅|1|2944
雌虫桑盾蚧|体色|淡黄至橙黄色|1|2945
雌虫桑盾蚧|介壳|灰白至黄褐色|1|2946
雌虫桑盾蚧|介壳形状|近圆形|1|2947
雌虫桑盾蚧|介壳背面|有螺旋形纹|1|2948
雌虫桑盾蚧|介壳中间|略隆起|1|2949
雌虫桑盾蚧|壳点|黄褐色|1|2950
雄虫桑盾蚧|特征|有翅|1|2951
雄虫桑盾蚧|体色|橙黄至橘红色|1|2952
雄虫桑盾蚧|触角|念珠状|1|2953
雄虫桑盾蚧|介壳|细长|1|2954
雄虫桑盾蚧|介壳背面|有3条纵脊|1|2955
桑盾蚧卵|形状|椭圆形|1|2956
桑盾蚧卵|颜色|粉红色至黄褐色|1|2957
桑盾蚧若虫|颜色|淡黄色|1|2958
桑盾蚧若虫|体型|扁椭圆形|1|2959
桑盾蚧若虫|繁殖|有尾毛|1|2960
桑盾蚧|繁殖代数|3~5代|1|2961
桑盾蚧|越冬方式|雌成虫群集越冬|1|2962
桑盾蚧|危害|吸食汁液|1|2963
桑盾蚧|属于|害虫|1|2964
李树|遭受|桑盾蚧侵害|1|2965
桑盾蚧|刺吸|枝干汁液|1|2966
桑盾蚧|分布|海南至辽宁|1|2967
桑盾蚧|防治方法|生物防治|1|2968
桑盾蚧|防治方法|化学防治|1|2969
桑盾蚧|防治方法|检疫|1|2970
红点唇瓢虫|抑制|桑盾蚧|1|2971
石硫合剂|涂刷|枝条|1|2972
朝鲜球坚蚧|属于|同翅目(Homoptera)蚧科(Coccidae)|1|2973
朝鲜球坚蚧|危害|植物|1|2974
螺虫·毒死蜱悬浮剂|防治|朝鲜球坚蚧|2|2975,2995
氯氟·毒死蜱乳油|防治|朝鲜球坚蚧|2|2976,2997
啶虫·毒死蜱乳油|防治|朝鲜球坚蚧|1|2977
朝鲜球坚蚧|繁殖|卵|1|2978
朝鲜球坚蚧|生命周期|1年一代|1|2979
朝鲜球坚蚧|越冬方式|以2龄若虫越冬|1|2980
朝鲜球坚蚧|雌雄分化时间|春季|1|2981
朝鲜球坚蚧|产卵时间|5月中旬|1|2982
朝鲜球坚蚧|孵化时间|5月下旬至6月上旬|1|2983
朝鲜球坚蚧|若虫危害时间|落叶前|1|2984
朝鲜球坚蚧|危害|果树|1|2985
朝鲜球坚蚧|危害|林木|1|2986
朝鲜球坚蚧|越冬|蜡被|1|2987
黑缘红瓢虫|捕食|朝鲜球坚蚧若虫|1|2988
黑缘红瓢虫|捕食|朝鲜球坚蚧雌成虫|1|2989
黑缘红瓢虫|一生捕食量|2000余头|1|2990
石硫合剂|防治|朝鲜球坚蚧|1|2991
柴油乳剂|防治|朝鲜球坚蚧|1|2992
噻嗪酮可湿性粉剂|防治|朝鲜球坚蚧|1|2993
松脂酸钠可溶性粉剂|防治|朝鲜球坚蚧|1|2994
啶虫·毒死蜱微乳剂|防治|朝鲜球坚蚧|1|2996
黑缘唇瓢虫|捕食|球蚧|1|2998
球蚧花翅跳小蜂|捕食|球蚧|1|2999
东方盔蚧|属于|同翅目蜡蚧科|1|3000
东方盔蚧|危害|果树|1|3001
枝干裂缝|藏身|东方盔蚧|1|3002
老皮下|藏身|东方盔蚧|1|3003
叶痕处|藏身|东方盔蚧|1|3004
3月中下旬|活动|东方盔蚧|1|3005
4月上旬|膨大|东方盔蚧|1|3006
5月上旬|产卵|东方盔蚧|1|3007
5月下旬至6月上旬|孵化|东方盔蚧|1|3008
叶片背面|危害|东方盔蚧|1|3009
若虫|寄生于|叶片|1|3010
第二代若虫|孵化|8月|1|3011
东方盔蚧|越冬|10月|1|3012
东方盔蚧|危害|桃|1|3013
东方盔蚧|危害|杏|1|3014
东方盔蚧|危害|梅|1|3015
东方盔蚧|危害|苹果|1|3016
东方盔蚧|危害|梨|1|3017
东方盔蚧|危害|葡萄|1|3018
东方盔蚧|危害|枣|1|3019
东方盔蚧|危害|核桃|1|3020
东方盔蚧|危害|槐|1|3021
东方盔蚧|危害|杨|1|3022
东方盔蚧|危害|柳|1|3023
东方盔蚧|属于|害虫|1|3024
李高效生产及绿色防控技术|属于|防治方法|1|3025
防治方法|使用|石硫合剂|1|3026
防治方法|使用|噻嗪酮可湿性粉剂|1|3027
防治方法|使用|松脂酸钠可溶性粉剂|1|3028
防治方法|使用|螺虫·毒死蜱悬浮剂|1|3029
防治方法|使用|啶虫・毒死蜱微乳剂|1|3030
防治方法|使用|氯氟·毒死蜱乳油|1|3031
桃蛀螟|危害|桃|1|3032
桃蛀螟|属于|鳞翅目|1|3033
桃蛀螟|属于|螟蛾科|1|3034
桃蛀螟|俗称|桃蛀心虫|1|3035
桃蛀螟|孵化|卵|1|3036
桃蛀螟|危害|李|1|3037
桃蛀螟|分布|黑龙江|1|3038
桃蛀螟|分布|内蒙古|1|3039
桃蛀螟|分布|台湾|1|3040
桃蛀螟|分布|海南|1|3041
桃蛀螟|分布|广东|1|3042
桃蛀螟|分布|广西|1|3043
桃蛀螟|分布|云南|1|3044
桃蛀螟|越冬|树皮缝隙|1|3045
桃蛀螟|繁殖|成虫|1|3046
桃蛀螟|趋性|黑光灯|1|3047
桃蛀螟|趋性|糖醋液|1|3048
桃蛀螟|产卵|树叶|1|3049
桃蛀螟|产卵|果实|1|3050
桃蛀螟|产卵|叶片|1|3051
桃蛀螟|幼虫|转果危害|1|3052
桃蛀螟|幼虫期|20天|1|3053
桃蛀螟|化蛹|果内|1|3054
桃蛀螟|化蛹|两果间|1|3055
桃蛀螟|发生规律|多雨有利于发生|1|3056
桃蛀螟|天敌|黄眶离缘姬蜂|1|3057
桃蛀螟|天敌|广大腿小蜂|1|3058
桃蛀螟|被害果|外表堆有红褐色虫粪|1|3059
桃蛀螟|被害果|易腐烂早落|1|3060
李|防治|清理果园|1|3061
李|防治|摘除树上虫果|1|3062
李|防治|捡拾地上虫果|1|3063
李|防治|收集并运出果园销毁或深埋|1|3064
李|防治|清除李园周围的玉米|1|3065
李|防治|清除李园周围的向日葵|1|3066
李|防治|树干上绑草诱集越冬幼虫|1|3067
李|防治|集中杀灭越冬幼虫|1|3068
高效|用于|李树生产|1|3070
绿色防控技术|用于|李树病虫害防治|1|3071
成虫|危害|李树|1|3072
黑光灯|诱杀|成虫|1|3073
糖醋液|诱杀|成虫|1|3074
桃蛀螟性诱剂|诱杀|成虫|1|3075
氯氰菊酯乳油|用于|李树病虫害防治|1|3076
氰戊菊酯乳油|用于|李树病虫害防治|1|3077
高效氯氟氰菊酯水乳剂|用于|李树病虫害防治|1|3078
氯虫苯甲酰胺水分散粒剂|用于|李树病虫害防治|1|3079
甲氨基阿维菌素苯甲酸盐微乳剂|用于|李树病虫害防治|1|3080
阿维·氯苯酰乳油|用于|李树病虫害防治|1|3081
梨小食心虫|危害|李树|1|3082
鳞翅目|属于|李树害虫|1|3083
小卷叶蛾科|属于|李树害虫|1|3084
梨小食心虫|属于|鳞翅目|1|3085
梨小食心虫|属于|小卷叶蛾科|1|3086
成虫|繁殖|卵|1|3087
卵|产出|成虫|1|3088
幼虫|危害|李树|1|3089
幼虫|化蛹|蛹|1|3090
蛹|变成|成虫|1|3091
越冬|状态|幼虫|1|3092
李树|生长周期|1年|1|3093
代|李树生长周期|1代|1|3094
长江流域|地点|中国|1|3095
黄河流域|地点|中国|1|3096
嫩叶|危害|梨小食心虫|1|3097
果实|危害|梨小食心虫|1|3098
嫩梢|危害|梨小食心虫|1|3099
李树|遭受|病虫害|1|3100
防治|使用|方法|1|3102
方法|包括|清理果园|1|3103
方法|包括|诱杀成虫|1|3104
方法|包括|化学防治|1|3105
糖醋液|用于|诱捕|1|3106
性外激素|用于|诱杀|1|3107
菊酯乳油|作用于|防治|1|3108
高效氯氟氰菊酯水乳剂|作用于|防治|1|3109
李园|进行|防治|1|3110
距离|设置|诱捕器|1|3111
诱捕器|距离|地面1.5米|1|3112
水碗(盆)|含有|糖醋液|1|3113
洗衣粉|加入|水碗中|1|3114
诱芯|含有|性外激素|1|3115
粘虫板|用于|粘杀|1|3116
黄板|用于|粘杀|1|3117
成虫|趋向|黄色|1|3118
桃小食心虫|属于|鳞翅目蛀果蛾科|1|3119
桃小食心虫|俗称|钻心虫|1|3120
桃小食心虫|简称|桃小|1|3121
桃小食心虫雌蛾|体长|7~8毫米|1|3122
桃小食心虫雌蛾|翅展|16~18毫米|1|3123
桃小食心虫雄蛾|体长|5~6毫米|1|3124
桃小食心虫雄蛾|翅展|13~15毫米|1|3125
桃小食心虫|卵长|0.4毫米|1|3126
桃小食心虫卵|颜色变化|橙黄色→深红褐色|1|3127
桃小食心虫幼虫|体长|13~16毫米|1|3128
桃小食心虫幼虫|颜色|桃红色|1|3129
桃小食心虫蛹|长|7毫米|1|3130
桃小食心虫蛹|颜色变化|黄白→黄褐→灰黑色|1|3131
桃小食心虫茧|形状|夏茧：纺锤形；冬茧：圆形且稍扁|1|3132
桃小食心虫茧|质地|夏茧：疏松；冬茧：紧密|1|3133
桃小食心虫|发生代数|1代至2代|1|3134
桃小食心虫|越冬方式|结冬茧越冬|1|3135
桃小食心虫幼虫出土|条件|地温达到19℃；土壤湿度大（降雨后2~3天）|1|3136
桃小食心虫幼虫出土|条件|干旱情况下几乎不出土|1|3137
桃小食心虫|成虫羽化历期|约13天|1|3138
桃小食心虫|成虫产卵位置|果实萼顶周围|1|3139
桃小食心虫|卵粒数|每个果上一般产卵1粒|1|3140
桃小食心虫幼虫|蛀入果实位置|萼顶附近|1|3141
桃小食心虫幼虫|果实内生活时间|约20天|1|3142
桃小食心虫|脱果时间|6月陆续老熟脱果|1|3143
桃小食心虫|茧形状|扁圆形|1|3144
桃小食心虫|天敌|桃小食心虫甲腹茧蜂；中国齿腿姬蜂|1|3145
桃小食心虫|寄生菌|白僵菌|1|3146
桃小食心虫|自然寄生率|30%~50%|1|3147
桃小食心虫|危害|苹果|1|3148
桃小食心虫|危害|梨|1|3149
桃小食心虫|危害|枣|1|3150
桃小食心虫|危害|山楂|1|3151
桃小食心虫|危害|桃|1|3152
桃小食心虫|危害|李|1|3153
桃小食心虫|危害|杏|1|3154
桃小食心虫|蛀食|果实|1|3155
桃小食心虫|寄主|苹果|1|3156
桃小食心虫|寄主|梨|1|3157
桃小食心虫|寄主|枣|1|3158
桃小食心虫|寄主|山楂|1|3159
桃小食心虫|寄主|桃|1|3160
桃小食心虫|寄主|李|1|3161
桃小食心虫|寄主|杏|1|3162
苏云金杆菌|属于|昆虫病原细菌|1|3163
白僵菌|属于|昆虫病原真菌|1|3164
绿僵菌|属于|昆虫病原真菌|1|3165
泰山1号|防治|桃小食心虫|1|3166
线虫CZ-88|防治|桃小食心虫|1|3167
斯氏线虫|防治|桃小食心虫|1|3168
辛硫磷乳剂|消灭|出土幼虫|1|3169
辛硫磷微胶囊剂|消灭|出土幼虫|1|3170
高效氯氟氰菊酯水乳剂|防治|桃小食心虫|1|3171
氯虫苯甲酰胺水分散粒剂|防治|桃小食心虫|1|3172
甲氨基阿维菌素苯甲酸盐微乳剂|防治|桃小食心虫|1|3173
甲维·茚虫威悬浮剂|防治|桃小食心虫|1|3174
阿维·灭幼脲悬浮剂|防治|桃小食心虫|1|3175
阿维·氯苯酰乳油|防治|桃小食心虫|1|3176
桃小食心虫幼虫|越冬|树干周围|1|3177
李小食心虫|属于|鳞翅目卷蛾科|1|3178
李小食心虫|危害|果实|1|3179
李小食心虫|繁殖|成虫|1|3180
李小食心虫|越冬|树冠下表土|1|3181
李小食心虫|越冬|草根附近|1|3182
李小食心虫|越冬|土石块下|1|3183
李小食心虫|羽化|春季|1|3184
李小食心虫|交尾|成虫|1|3185
李小食心虫|产卵|果面|1|3186
李小食心虫|孵化|幼虫|1|3187
李小食心虫|蛀食|果肉|1|3188
李小食心虫|迁移|果实|1|3189
李小食心虫|落地|幼虫|1|3190
李病虫害|防治|方法|1|3191
李实蜂|属于|膜翅目|1|3192
雌虫|体长|4~6毫米|1|3193
李高效|属于|植物|1|3194
李实蜂|危害|李高效|1|3195
李实蜂|蛀食|果实|1|3196
李实蜂|影响|果实生长|1|3197
李实蜂|繁殖|土壤|1|3198
李实蜂|越冬|土壤|1|3199
李实蜂|活动规律|温度|1|3200
李实蜂|活动规律|湿度|1|3201
李实蜂|防治|薄膜|1|3202
李实蜂|防治|肥料|1|3203
李实蜂|防治|灌溉|1|3204
李实蜂|防治|修剪|1|3205
李实蜂|防治|预测|1|3206
李实蜂|防治|清理果园|1|3207
李实蜂|防治|深翻园土|1|3208
李实蜂|防治|增强树势|1|3209
李实蜂|防治|提高树体抵抗力|1|3210
李实蜂|繁殖|春季|1|3211
李实蜂|羽化|春季|1|3212
李实蜂|交配|春季|1|3213
李实蜂|产卵|春季|1|3214
李实蜂|孵化|春季|1|3215
李实蜂|幼虫期|26-31天|1|3216
李实蜂|成熟期|冬季|1|3217
李实蜂|茧|椭圆形|1|3218
李实蜂|分布|树冠下|1|3219
李实蜂|分布|树冠外缘|1|3220
李实蜂|分布|离主干50厘米以内|1|3221
李实蜂|分布|李园|1|3222
李实蜂|分布|内膛|1|3223
李实蜂|分布|外围|1|3224
李实蜂|分布|随机|1|3225
李实蜂|分布|聚集|1|3226
李实蜂|温度|14-15℃|1|3227
李实蜂|温度|17-20℃|1|3228
李实蜂|温度|14-20℃|1|3229
李实蜂|温度|最高气温|1|3230
李实蜂|湿度|雨季|1|3231
李实蜂|湿度|保持适当的温湿度|1|3232
李实蜂|品种|李树|1|3233
李实蜂|品种|不同品种李|1|3234
李实蜂|品种|栽植混乱的李园|1|3235
李实蜂|品种|品种单一的李园|1|3236
李实蜂|果实|受害|1|3237
李实蜂|果实|蛀食|1|3238
李实蜂|果实|果核被食|1|3239
李实蜂|果实|果肉被食空|1|3240
李实蜂|果实|虫粪堆积|1|3241
李实蜂|果实|停止生长|1|3242
李实蜂|果实|受害率|1|3243
李实蜂|果实|内膛受害率|1|3244
李实蜂|果实|外围受害率|1|3245
李实蜂|果实|不同年份|1|3246
李实蜂|果实|透光性差|1|3247
李实蜂|果实|树势弱|1|3248
李实蜂|土壤|覆盖薄膜|1|3249
李实蜂|土壤|保温|1|3250
李实蜂|土壤|消灭越冬幼虫|1|3251
李实蜂|土壤|减少虫源|1|3252
李实蜂|土壤|深翻|1|3253
李实蜂|土壤|适宜生存|1|3254
李实蜂|土壤|蛹|1|3255
李实蜂|土壤|越冬|1|3256
李实蜂|土壤|适宜结茧|1|3257
李实蜂|土壤|50厘米以内|1|3258
李实蜂|土壤|树冠外缘|1|3259
李实蜂|土壤|李园|1|3260
李实蜂|土壤|内膛|1|3261
李实蜂|土壤|外围|1|3262
李实蜂|土壤|离主干|1|3263
李实蜂|土壤|不同品种李|1|3264
李实蜂|土壤|栽植混乱的李园|1|3265
李实蜂|土壤|品种单一的李园|1|3266
李实蜂|温度|影响活动规律|1|3267
李实蜂|湿度|影响活动规律|1|3268
李实蜂|温度|影响发育|1|3269
李实蜂|湿度|影响发育|1|3270
李实蜂|温度|影响孵化|1|3271
李实蜂|湿度|影响孵化|1|3272
李实蜂|温度|影响幼虫期|1|3273
李实蜂|湿度|影响幼虫期|1|3274
李实蜂|温度|影响成熟期|1|3275
李实蜂|湿度|影响成熟期|1|3276
李实蜂|温度|影响越冬|1|3277
李实蜂|湿度|影响越冬|1|3278
李实蜂|温度|影响繁殖|1|3279
李实蜂|湿度|影响繁殖|1|3280
李实蜂|温度|影响羽化|1|3281
李实蜂|湿度|影响羽化|1|3282
李实蜂|温度|影响交配|1|3283
李实蜂|湿度|影响交配|1|3284
李实蜂|温度|影响产卵|1|3285
李实蜂|湿度|影响产卵|1|3286
李实蜂|温度|影响孵化率|1|3287
李实蜂|湿度|影响孵化率|1|3288
李实蜂|温度|影响存活率|1|3289
李实蜂|湿度|影响存活率|1|3290
李实蜂|温度|影响幼虫存活率|1|3291
李实蜂|湿度|影响幼虫存活率|1|3292
李实蜂|温度|影响成虫存活率|1|3293
李实蜂|湿度|影响成虫存活率|1|3294
李实蜂|温度|影响成虫活跃度|1|3295
李实蜂|湿度|影响成虫活跃度|1|3296
李实蜂|温度|影响危害程度|1|3297
李|属于|水果|1|3298
棉褐带卷蛾|危害|李|1|3299
辛硫磷乳油|防治|棉褐带卷蛾|1|3300
氯氟氰菊酯水乳剂|防治|棉褐带卷蛾|1|3301
甲氨基阿维菌素苯甲酸盐微乳剂|防治|棉褐带卷蛾|1|3302
溴氰菊酯悬浮剂|防治|棉褐带卷蛾|1|3303
棉褐带卷蛾|属于|鳞翅目|1|3304
棉褐带卷蛾|属于|卷蛾科|1|3305
触角|属于|昆虫身体部分|1|3306
前翅|属于|昆虫身体部分|1|3307
后翅|属于|昆虫身体部分|1|3308
雄虫|性别|棉褐带卷蛾|1|3309
雌虫|性别|棉褐带卷蛾|1|3310
幼虫|属于|棉褐带卷蛾|1|3311
蛹|属于|棉褐带卷蛾|1|3312
卵|属于|棉褐带卷蛾|1|3313
发生规律|属于|棉褐带卷蛾|1|3314
危害|属于|棉褐带卷蛾特性|1|3315
棉褐带卷蛾|危害|叶和果|1|3316
棉褐带卷蛾|越冬|幼虫结薄茧|1|3317
棉褐带卷蛾|繁殖|卵期约10天|1|3318
黑光灯|诱杀|棉褐带卷蛾成虫|1|3319
糖醋液|诱杀|棉褐带卷蛾成虫|1|3320
果树|维护|清理果园|1|3321
赤眼蜂|寄生病原|棉褐带卷蛾|1|3322
姬蜂|寄生病原|棉褐带卷蛾|1|3323
肿腿蜂|寄生病原|棉褐带卷蛾|1|3324
茧蜂|寄生病原|棉褐带卷蛾|1|3325
绒茧蜂|寄生病原|棉褐带卷蛾|1|3326
青虫菌液|防治|棉褐带卷蛾初孵幼虫|1|3327
苏云金杆菌|防治|棉褐带卷蛾初孵幼虫|1|3328
晶体石硫合剂|杀灭|越冬幼虫|1|3329
蚜虫|兼治|叶螨|1|3330
高效氯氟氰菊酯水乳剂|喷施|越冬代幼虫和第一代初孵幼虫|1|3331
氯氰菊酯乳油|喷施|越冬代幼虫和第一代初孵幼虫|1|3332
氯虫苯甲酰胺水分散粒剂|喷施|越冬代幼虫和第一代初孵幼虫|1|3333
甲氨基阿维菌素苯甲酸盐微乳剂|喷施|越冬代幼虫和第一代初孵幼虫|1|3334
甲维·茚虫威悬浮剂|喷施|越冬代幼虫和第一代初孵幼虫|1|3335
阿维·灭幼脲悬浮剂|喷施|越冬代幼虫和第一代初孵幼虫|1|3336
阿维·氯苯酰乳油|喷施|越冬代幼虫和第一代初孵幼虫|1|3337
桃潜叶蛾|属于|鳞翅目潜叶蛾科|1|3338
李|遭受危害|桃潜叶蛾|1|3339
桃潜叶蛾|繁殖|卵|1|3340
桃潜叶蛾|活动时间|夜间|1|3341
桃潜叶蛾|习性|趋光性强|1|3342
桃潜叶蛾|生命周期|越冬代、夏型|1|3343
桃潜叶蛾|迁移距离|500米以上|1|3344
桃潜叶蛾|产卵|叶肉组织内|1|3345
桃潜叶蛾|孵化|叶芽露绿时|1|3346
桃潜叶蛾|危害|叶片|1|3347
李园|采取|防治方法|1|3348
防治方法|包括|草把诱杀成虫|1|3349
防治方法|包括|性诱剂杀成虫|1|3350
草把诱杀成虫|需|清除杂草落叶|1|3352
草把诱杀成虫|需|刮除老翘皮|1|3353
性诱剂杀成虫|需|挂诱捕器|1|3354
性诱剂杀成虫|需|补水|1|3355
化学防治|使用|虫螨腈悬浮剂|1|3356
化学防治|使用|虱螨脲悬浮剂|1|3357
化学防治|使用|苯氧威悬浮剂|1|3358
化学防治|使用|氯氰菊酯乳油|1|3359
化学防治|使用|溴氰菊酯乳油|1|3360
化学防治|使用|高效氯氟氰菊酯乳油|1|3361
化学防治|使用|联苯菊酯水乳剂|1|3362
化学防治|使用|甲氰菊酯水乳剂|1|3363
化学防治|使用|阿维高氯可湿性粉剂|1|3364
化学防治|使用|氯氰·毒死蜱乳油|1|3365
黑刺粉虱|属于|同翅目粉虱科|1|3366
黑刺粉虱|危害|李树|1|3367
黑刺粉虱|预防|剪除密集的虫害枝|1|3368
黑刺粉虱|预防|喷洒柴油乳剂毒杀越冬幼虫|1|3369
黑刺粉虱|繁殖|1年发生4~5代|1|3370
黑刺粉虱|生命周期|成虫、幼虫刺吸叶、果实和嫩枝的汁液|1|3371
李树|遭受|黑刺粉虱危害|1|3373
李树|防治|中耕施肥|1|3374
李树|增强|植株抗虫能力|1|3375
成虫|繁殖|产卵|1|3376
成虫|活动|喜欢荫蔽的环境，具趋光性|1|3377
卵|孵化|幼虫|1|3378
茶翅蝽|属于|半翅目蝽科|1|3379
茶翅蝽|又称|臭木椿象、茶色蝽、臭板虫|1|3380
茶翅蝽|危害|李果实|1|3381
茶翅蝽|危害|果实|1|3382
茶翅蝽|危害|嫩梢|1|3383
茶翅蝽|越冬|建筑物缝隙|1|3384
茶翅蝽|越冬|树洞|1|3385
成虫|吸食|叶片汁液|1|3386
成虫|吸食|果实汁液|1|3387
成虫|吸食|嫩梢汁液|1|3388
若虫|吸食|叶片汁液|1|3390
若虫|吸食|果实汁液|1|3391
若虫|吸食|嫩梢汁液|1|3392
茶翅蝽沟卵蜂|属于|天敌|1|3393
茶翅蝽沟卵蜂|捕食|茶翅蝽卵|1|3394
防治方法|属于|李病虫害防治|1|3396
生物防治|属于|防治方法|1|3398
化学防治|属于|防治方法|1|3399
噻虫嗪水分散粒剂|喷施|若虫发生期|1|3400
氰戊菊酯乳油|喷施|若虫发生期|1|3401
氟啶虫胺腈悬浮剂|喷施|若虫发生期|1|3402
吡蚜·异丙威可湿性粉剂|喷施|若虫发生期|1|3403
溴氰菊酯乳油|喷施|若虫发生期|1|3404
氯氟·啶虫脒水分散粒剂|喷施|若虫发生期|1|3405
阿维·啶虫脒乳油|喷施|若虫发生期|1|3406
铜绿丽金龟|危害|李花芽|2|3407,3418
铜绿丽金龟|危害|李嫩叶|1|3408
铜绿丽金龟|危害|李花蕾|1|3409
铜绿丽金龟|属于|鞘翅目|1|3410
铜绿丽金龟|又称|淡绿金龟子|1|3411
铜绿丽金龟|又称|铜绿金龟子|1|3412
铜绿丽金龟|又称|青金龟子|1|3413
铜绿丽金龟|越冬|幼虫|1|3414
铜绿丽金龟|发生|1代|1|3415
李|越冬|成虫|1|3416
李|受到|铜绿丽金龟危害|1|3417
铜绿丽金龟|危害|花蕾|1|3419
铜绿丽金龟|危害|幼叶|1|3420
铜绿丽金龟|危害|幼果|1|3421
铜绿丽金龟|危害|植物|1|3422
金龟芽孢杆菌|属于|天敌|1|3423
绿僵菌|属于|天敌|1|3424
白僵菌|属于|天敌|1|3425
马蜂|属于|天敌|1|3426
寄生蜂|属于|天敌|1|3427
铜绿丽金龟|发生期|4—6月|1|3428
铜绿丽金龟|出土时间|下午3点以后|1|3429
铜绿丽金龟|取食时间|傍晚|1|3430
铜绿丽金龟|气温影响|高气温|1|3431
铜绿丽金龟|降水影响|降水量大|1|3432
铜绿丽金龟|湿度影响|湿度高|1|3433
铜绿丽金龟|趋光性|有|1|3434
铜绿丽金龟|假死性|有|1|3435
铜绿丽金龟|化蛹|幼虫老熟后|1|3436
铜绿丽金龟|越冬方式|羽化后不出土|1|3437
铜绿丽金龟|越冬方式|幼虫越冬|1|3438
铜绿丽金龟|天敌|金龟芽孢杆菌|1|3439
铜绿丽金龟|天敌|绿僵菌|1|3440
铜绿丽金龟|天敌|白僵菌|1|3441
铜绿丽金龟|天敌|马蜂|1|3442
铜绿丽金龟|天敌|寄生蜂|1|3443
成虫|行为|出土|1|3444
成虫|行为|危害|1|3445
成虫|行为|飞行|1|3446
成虫|行为|取食|1|3447
成虫|行为|交尾|1|3448
成虫|行为|潜入土中|1|3449
成虫|行为|取食危害|1|3450
成虫|行为|交配|1|3451
成虫|行为|撞击落水|1|3452
成虫|行为|淹死|1|3453
幼虫|行为|孵化|1|3454
幼虫|危害|作物|1|3455
幼虫|越冬方式|化蛹|1|3456
幼虫|越冬方式|羽化后不出土|1|3457
幼虫|越冬方式|幼虫越冬|1|3458
辛硫磷乳油|用途|喷洒|1|3459
毒死蜱乳油|用途|喷洒|1|3460
吡虫啉可湿性粉剂|用途|喷洒|1|3461
桑天牛|危害|桑树|1|3462
桑天牛|属于|昆虫|1|3463
李病虫害防治|针对|桑天牛|1|3464
卵|属于|桑天牛|1|3465
幼虫|属于|桑天牛|1|3466
蛹|属于|桑天牛|1|3467
成虫|属于|桑天牛|1|3468
防治方法|针对|李病虫害|1|3469
桃红颈天牛|属于|鞘翅目|1|3470
桃红颈天牛|属于|天牛科|1|3471
桃红颈天牛|危害|树木|1|3472
桃红颈天牛|产卵|树木|1|3473
桃红颈天牛|分布|辽宁|1|3474
桃红颈天牛|分布|内蒙古|1|3475
桃红颈天牛|分布|河北|1|3476
桃红颈天牛|分布|河南|1|3477
桃红颈天牛|分布|山东|1|3478
桃红颈天牛|分布|山西|1|3479
桃红颈天牛|分布|陕西|1|3480
桃红颈天牛|分布|甘肃|1|3481
桃红颈天牛|分布|湖北|1|3482
桃红颈天牛|分布|四川|1|3483
桃红颈天牛|分布|江苏|1|3484
桃红颈天牛|分布|浙江|1|3485
桃红颈天牛|分布|广东|1|3486
桃红颈天牛|分布|广西|1|3487
桃红颈天牛|分布|福建|1|3488
桃红颈天牛|分布|天津|1|3489
桃红颈天牛|分布|北京|1|3490
桃红颈天牛|危害|桃|1|3491
桃红颈天牛|危害|李|1|3492
桃红颈天牛|危害|杏|1|3493
桃红颈天牛|危害|樱桃|1|3494
桃红颈天牛|危害|梅|1|3495
桃红颈天牛|危害|杨|1|3496
桃红颈天牛|危害|柳|1|3497
桃红颈天牛|危害|核桃|1|3498
桃红颈天牛|幼虫|蛀食|1|3499
桃红颈天牛|成虫|产卵|1|3500
桃红颈天牛|防治|人工捕捉|1|3501
桃红颈天牛|防治|涂白剂|1|3502
桃红颈天牛|防治|昆虫病原线虫|1|3503
桃红颈天牛|防治|管氏肿腿蜂|1|3504
桃红颈天牛|防治|植物源杀虫剂|1|3505
