|q|a|d
0|请问中国李产业的历史可以追溯到什么时候？|远在5000多年前|0
1|中国最早关于李的文献记载出现在哪部古籍中？|《诗经》|0
2|《广志》记载汉代上林苑收集了多少个李品种？|15个|0
3|《尔雅》中记录了哪些李品种？|椄虑李、无实李、赤李|0
4|《山海经》中提到的灵山有哪些果树？|桃、李、梅、杏|0
5|《齐民要术》中对于李树的特性有何描述？|李性坚，实晚，五岁始子|0
6|唐朝时期洛阳的嘉庆坊出产的李被称为什么？|嘉庆子|0
7|《洛阳花木记》中记载了哪些李品种？|御皇李、麝香李、胡天李等（需要列举一些）|0
8|南方产区包括哪些省份？|南方产区包括江苏、安徽、浙江、福建、台湾、湖北、湖南、江西、广东、广西、四川、重庆、贵州、云南等省份。|1
9|中国李形成了哪两大产区？|中国李形成了南方和北方两大产区。南方产区为李生产和加工的传统产区，包括长江、秦岭、淮河以南区域，而北方为我国鲜食李产区。|1
10|在《洛阳花木记》中，李的嫁接繁殖最早是如何记载的？|《洛阳花木记》中最早记载了李的嫁接繁殖，提到的砧木有桃、李、杏、梅，不同的砧木对成活率、寿命和果实风味有不同影响。|1
11|“藉栽”在果树栽培中指的是什么？|“藉栽”指的是利用自根繁殖的方法，包括扦插、压条、分株等无性繁殖方式。|1
12|李高效生产及绿色防控技术的核心内容是什么？|李的高效生产和绿色防控技术的核心内容涉及无性繁殖方法、砧木选择、栽培距离、环境因素对果实品质的影响等。|1
13|王逢辰所撰《槜李谱》是我国历史上关于李的哪方面专著？|王逢辰所撰《槜李谱》是我国历史上关于李的专著，内容涵盖了李的字义、栽种、分植、远移、接换、枯蛀、花实、采摘、收贮、真伪、形体、价值、爪痕等28个方面。|1
14|李的栽培距离在《洛阳花木记》中有何建议？|《洛阳花木记》提出了李的栽培距离的建议，指出过于紧密的栽培会导致果实质量下降。|1
15|李在我国的栽培区域分布是怎样的？|李是我国分布广泛的果树之一，几乎各省份均有野生或栽培。除了青藏高原高海拔地区外，南至广东，北至黑龙江，从东南沿海到新疆都有栽培或野生的李资源，垂直分布可达海拔4000米。|1
16|李产业的主要生产地有哪些|江苏、福建、浙江、江西、湖南、广东、贵州、重庆、四川、云南|2
17|请问哪个地区是李的传统主产区？|李的传统主产区是东北地区。|3
18|请问新疆引进欧洲李品种试栽、筛选的主要集中地区有哪些？|新疆轮台、和硕、塔城、伽师、阿克苏等地。|3
19|请问中国李的主要栽培品种有哪些？|中国李的主要栽培品种包括中国李、欧洲李、杏李、樱桃李和美洲乌苏里李。|3
20|请问哪个地区的设施栽培李技术在国内领先？|辽宁锦西、盖州的设施栽培李技术在国内领先。|3
21|请问我国现有多少个李属植物的种？|我国现有9个李属植物的种。|3
22|请问我国整理载入《中国果树志·李卷》的品种资源有多少份？|我国整理载入《中国果树志·李卷》的品种资源有719份。|3
23|牡丰李的父本是什么|七月红|4
24|奎冠的母本是什么|窑门李|4
25|长李84的父本是什么|西瓜李|4
26|黄甘李1号的培育方式是什么|实生选种方式|4
27|矮甜李的父本是什么|福摩萨|4
28|奎丰的母本是什么|窑门李|4
29|奎丽的培育方式是什么|自然实生方式|4
30|长李7号的母本是什么|六号李|4
31|龙园蜜李的父本是什么|横道河子大红李|4
32|秋甜李的父本是什么|小核李|4
33|牡红甜李的父本是什么|七月红|4
34|吉胜李的母本是由哪两个单位于1982年杂交成功的|中国农业科学院特产研究所和吉林省舒兰市园艺研究所|4
35|龙园早李的培育单位是哪个|黑龙江省农业科学院园艺分院|4
36|金吉李是由哪个单位于1970年培育成功的|河南省林业科学研究院|4
37|绥李3号的母本是什么|寺田李|4
38|绥棱红(北方1号)的父本和母本分别是什么|小黄李和福摩萨|4
39|龙园秋李的母本是什么|九三杏梅|4
40|请问“23长李109”的母本是什么？|西瓜李|5
41|请问“21特早红李”的母本是什么？|早红袍|5
42|请问“22吉晚桃李”的父本是什么？|晚紫李|5
43|请问“24新李1号”的父本是什么？|西瓜李|5
44|请问“31红星李”的母本是什么？|中国李|5
45|请问“25长李15”的父本是什么？|美国李|5
46|请问“26吉红李”的父本是什么？|大晚李|5
47|请问“32迟花芙蓉李”的父本是什么？|芙蓉李|5
48|请问“33秦红李”的父本是什么？|幸运李|5
49|请问“30龙园桃李”是由哪个单位于哪一年培育成功的？|黑龙江省农业科学院园艺分院，1988年|5
50|请问“29关公李”的母本是什么？|麦黄李|5
51|请问“28金帅李”是由哪个果园培育成功的？|沈阳市东陵区东祥果园|5
52|请问“27晚金玉”的父本是什么？|大叶伏李|5
53|请问“36北国红”的母本是什么？|孔雀蛋实生|5
54|请问“37吉祥晚李”的母本是什么？|吉红李|5
55|请问“34吉中大”的母本是什么？|大紫李|5
56|请问“38鸡蛋李”的母本是什么？|SusinoPrecocedelItalia|5
57|请问“35长春彩叶李”的父本是什么？|紫叶李|5
58|请问“20龙园早桃李”的父本是什么？|六号李|5
59|请问绥江以什么水果为母本于1999年通过实生选种方式培育成功？|半边红李|6
60|请问岳寒红叶的母本和父本分别是什么水果？|变叶李和长李15|6
61|请问白脆鸡麻李的母本是什么水果？|三华李|6
62|请问南阳以什么水果为母本于2001年通过实生选种方式培育成功？|中国李|6
63|请问业科学院果树研究所于1992年通过实生选种方式培育成功的是什么水果？|紫晶李|6
64|请问哪一年山西省农业科学院果树研究所通过实生选种方式培育成功了紫晶李？|1992年|6
65|请问苹果李的母本和父本分别是什么水果？|广东华南李和江西芙蓉李|6
66|请问三红李子是什么水果的变异品种？|中国李|6
67|请问安农美李是以什么水果为母本培育成功的？|中国李|6
68|请问红晶李是从哪个品种中选育出的变异单株？|天目蜜李|6
69|请问四川农业大学园艺学院于1993年通过实生选种方式培育成功的是什么水果？|巴山脆李|6
70|请问绥李5号的母本和父本分别是什么水果？|绥李3号和月光李|6
71|请问龙滩珍珠李以什么水果为母本培育成功？|野生李|6
72|请问金满堂是什么水果的芽变品种？|小黄干核|6
73|请问什么水果是杏和李的自然杂交品种，由陕西省果树研究所在1994年审定成功？|金皇后杏李|6
74|请问华蜜大蜜李的母本是什么水果？|三华李|6
75|请问金山李的母本是什么水果？|小黄李|6
76|请问一品丹枫的母本和父本分别是什么水果？|孔雀蛋实生和长春彩叶李|6
77|请问将军红李是由哪个单位于1998年实生选种方式培育成功的？|山东省临沂市费县新世纪果树园艺场|6
78|中李3号是什么？|中李3号由中国农业科学院郑州果树研究所于2019年通过实生选育方式培育成功。|7
79|什么是秋香李？|秋香李是香蕉李的芽变品种，由辽宁省果树研究所于2003年培育成功。|7
80|晚黄金是什么？|晚黄金是油㮈的芽变品种，由福建省农业科学院果树研究所培育成功。|7
81|兴华李是如何培育的？|兴华李的母本是三华李，由华南农业大学园艺学院于2019年通过实生选种方式培育成功。|7
82|什么是松祥桃李？|松祥桃李是以吉胜李为母本，由吉林省舒兰市园艺研究所于2003年通过实生选种方式培育成功。|7
83|粉黛脆李是如何培育的？|粉黛脆李由重庆市万州区果树技术推广站于2018年以万州青脆李为母本，通过自然实生方式选育而成。|7
84|吉中大是如何培育的？|吉中大由吉林省农业科学院果树研究所于2017年通过杂交育种方式培育成功。|7
85|晚霜脆李是如何培育的？|晚霜脆李由重庆市万州区果树技术推广站于2018年以万州青脆李为母本，通过自然实生方式选育而成。|7
86|什么是华秀李？|华秀李是秋姬的芽变品种，由江苏省东海县牛山果树综合实验场于2007年培育成功。|7
87|什么是迟花芙蓉李？|迟花芙蓉李是由地方品种芽变而来，由福建省永泰县经济作物站于2003年培育成功。|7
88|什么是岭溪李？|岭溪李是以竹丝李为母本，由华南农业大学园艺学院于2003年通过实生选种方式培育成功。|7
89|什么是歪嘴李？|歪嘴李由中国李芽变而来，由重庆市渝北区果经技术推广站于2003年选育成功。|7
90|什么是57大红李L0630？|57大红李L0630是红叶李的芽变品种，由江苏省沿江地区农业科学研究所于2002年培育成功。|7
91|巫山脆李是什么？|巫山脆李是江安大白李的芽变品种，由巫山县果品产业发展中心、西南大学、重庆市农业技术推广总站于2016年培育成功。|7
92|晚金玉是如何培育的？|晚金玉是通过杂交育种方式，由吉林省农业科学院果树研究所于2014年培育成功。|7
93|金翠李是如何培育的？|金翠李的母本是青脆李，由开县果品技术推广站、重庆市农业技术推广总站、重庆市农业科学院于2016年通过实生选种方式培育成功。|7
94|什么是国美？|国美的母本和父本分别来自于龙园秋李和安哥诺，由辽宁省果树科学研究所于2004年杂交成功。|7
95|什么是森果红露？|森果红露是以野生樱桃李为母本实生选种，由山东农业大学于2004年培育成功。|7
96|味馨是如何培育的？|味馨是通过引种选育方式，由中国林业科学院于2009年培育成功。|7
97|中国李的栽培面积占世界李栽培总面积的比例是多少？|77%|8
98|哪篇文章提到了中国李的起源中心和分布中心？|未提供具体文章标题|8
99|截至2018年底，国家果树种质熊岳李杏圃共保存了多少个李属资源？|9个种、734份资源|8
100|中国李的产量占世界李总产量的比例是多少？|56%|8
101|哪个省份的黔南山区有中国李的广泛分布？|贵州省|8
102|在中国李的分布中，哪个地区的品种多样性最为丰富？|贵州。|9
103|哪些品种是通过美国加利福尼亚州李育种中选育出的？|Pluot、Plumcot和Aprium等。|9
104|通过对李的遗传基础分析，得出了哪些结论？|中国李资源的遗传基础广，中国李品种分为南方品种群和北方品种群两大类。|9
105|李产业发展现状中提到的主要品种有哪些？|跃进李、绥棱红、绥李|9
106|布尔班克在现代李育种早期利用了哪些品种进行杂交？|中国李、杏李与本地樱李组的美洲李等。|9
107|请问我国从20世纪五六十年代开始了哪些以抗寒、丰产、优质为目标的李育种工作？|抗寒、丰产、优质|10
108|请问我国李品种改良的路径是什么？|利用地方优质、适应性广、抗病性强的品种与国外引进的外观美、耐贮运品种杂交，选育优质、耐贮、高抗的李新品种|10
109|请问自2000年开始，我国各地农业科研单位及大学院校培育了哪些优良李新品种？|秋香李、牡丰李、红晶李、巴山脆李、巫山脆李|10
110|请问新疆奎屯农七师果树研究所通过自然实生方式选育出了哪几个优质品种？|奎冠、奎丽和奎丰|10
111|请问黑龙江、吉林两省为主的果树科研单位及大学院校通过人工杂交和实生选种选育出了哪些李新品种？|抗寒、极早熟品种长李15和大果、丰产的龙园秋李|10
112|请问我国选育的李品种中大多数亲本是具有哪些特点的地方优良品种？|我国地域特点、适应性强、鲜食品质佳|10
113|请问我国李地方品种与国外引进品种相比，有哪些优势和劣势？|我国李地方品种鲜食品质佳、适应性强，但外观差、不耐贮运；国外引进品种外观好、耐贮运，但鲜食品质欠佳、适应性较差|10
114|李果实中糖酸比的大小排列是什么？|晚熟品种>中熟品种>早熟品种|11
115|李果实维生素C含量在果实发育过程中的变化规律是什么？|早期最高，之后逐渐降低，成熟时达到最低点|11
116|影响李果实采后食用品质和商品性状的重要因素是什么？|采收成熟度|11
117|什么物质可以有效防止李裂果问题？|乙烯利和赤霉素(GA₃)|11
118|巫山脆李的主要加工方式有哪些|巫山脆李的加工方式包括果脯、果酱、果汁和果酒等。|12
119|重庆李产业在“十三五”期间的重点培育项目是什么？|重庆李产业在“十三五”期间的重点培育项目是脆李特色效益果业。|12
120|巫山县及其周边地区海拔在500~1000米的库区适宜种植哪些水果？|巫山县及其周边地区海拔在500~1000米的库区适宜种植脆李、脐橙、龙眼荔枝等水果。|12
121|重庆市37个涉农区县中，有多少个区县的李栽培面积超过1000公顷？|重庆市37个涉农区县中有20个区县的李栽培面积超过1000公顷。|12
122|巫山脆李成熟期主要集中在什么时候？|巫山脆李成熟期主要集中在7月上旬的15天左右。|13
123|巫山脆李在重庆市的种植面积预计发展到多少公顷？|巫山脆李在重庆市的种植面积预计发展到10万公顷，其中5万公顷达到盛果期。|13
124|针对裂果问题，提出了哪些防控措施？|针对裂果问题，提出了开展李果实裂果的研究及推广，从园地水肥管理、土壤管理、化学防治上入手，推广适度延长果实货架期的技术。|13
125|巫山脆李上市的压力主要来源于哪些因素？|巫山脆李上市的压力主要来源于其上市期短、产量高、销售压力大，预计每年有近75万吨青脆李集中在15天左右上市。|13
126|樱桃李原产于哪些地区|巴尔干半岛到高加索山区、西亚地区|14
127|欧洲李起源于哪两个种间的杂种|樱桃李和黑刺李|15
128|北美洲主要栽培哪种李|美洲李|15
129|中国有多少种李属植物|9个种|15
130|李属植物全球有多少个种|19~40个种|15
131|李树的生物学特性有哪些|落叶乔木，高9~12米；树冠广圆形，树皮灰褐色，起伏不平；老枝紫褐色或红褐色，无毛；小枝黄红色，无毛；冬芽卵圆形，红紫色，有数枚覆瓦状排列鳞片，通常无毛，稀鳞片边缘有极稀疏毛。叶片长圆倒卵形、长椭圆形，稀长圆卵形，长6~12厘米，宽3~5厘米，先端渐尖、急尖或短尾尖，基部楔形，边缘有圆钝重锯齿，常混有单锯齿，幼时齿尖带腺，上面深绿色，有光泽，侧脉6~10对，不达到叶片边缘，与主脉呈45°角，两面均无毛，有时下面沿主脉有稀疏柔毛或脉腋有髯毛；托叶膜质，线形，先端渐尖，边缘有腺，早落；叶柄长1~2厘米，通常无毛，顶端有2个腺体或无，有时在叶片基部边缘有腺体。|16
132|李树的营养价值如何|未提供相关信息。|16
133|李砧深层根系分布的特点是什么？|李砧深层根系分布多，毛桃砧介于李砧和毛樱桃砧木之间。|17
134|复花芽和单花芽在枝条上的分布与什么有关？|复花芽和单花芽的数量及其在枝条上的分布，与品种特性、枝条类型以及枝条的营养和光照状况有关。|17
135|复花芽和单花芽在丰产性状上有什么区别？|同一品种内复花芽比单花芽结的果大，含糖量高。|17
136|叶芽萌发后会产生什么？|叶芽萌发后抽生发育枝。|17
137|李的花芽是什么类型的芽？|李的花芽为纯花芽，每个花芽包含1~4朵花。|17
138|李的萌芽力如何？|李的萌芽力强。|17
139|李的枝条性质可以分为哪两类？|李的枝根据枝条的性质可分为营养枝和结果枝两类。|17
140|芽李的芽有哪些类型？|芽李的芽有花芽和叶芽两种。|17
141|李高效生产及绿色防控技术的相关问题|答案|17
142|复芽是如何形成的？|根据芽在枝节上的着生情况，可分为单芽和复芽。两个芽并生的多为1个叶芽和1个花芽，也有2个芽都是花芽。3个芽并生的，多数中间是叶芽，两侧是花芽，也有2个叶芽与1个花芽并列或3个花芽并列。|17
143|李新梢上的芽什么时候可以萌发？|李新梢上的芽当年可以萌发，连续形成二次梢或三次梢。|17
144|中果枝的特点是什么？|中果枝长15~30厘米，其上部为单花芽，下部为复花芽。结果后也可抽生花束状果枝。|18
145|李树的营养枝是什么？|李树的营养枝一般指当年生新梢，生长较壮，组织比较充实，营养枝上着生叶芽，叶芽抽生新梢，扩大树冠和形成新的枝组。|18
146|李树的生物学特性有哪些？|李树的生物学特性包括营养枝的定义和作用，以及结果枝的不同类型和特点。|18
147|李树的结果枝有哪些类型？|李树的结果枝分为以下5种类型：徒长性果枝、长果枝、中果枝、短果枝和花束状果枝。|18
148|长果枝的特点是什么？|长果枝枝条长30~60厘米，发育充实，一般不发生副梢。中部复芽较多，不仅结果能力强，而且还能形成健壮的花束状果枝，为以后连续结果打下基础。此类枝多发生在主、侧枝的中部。|18
149|徒长性果枝的特点是什么？|徒长性果枝长1米左右，枝条的下部多为叶芽，上部多为复花芽，副梢少而发生较晚。生长过旺，花弱果小，结果后仍能萌发较旺新梢，故常利用其培养健壮枝组。此类枝多发生在树冠内膛及上部延长枝上。|18
150|短果枝的特点是什么？|短果枝长5~15厘米，其上多为单花芽，复芽少。2~3年生短果枝结实力高，5年生以上结实力减退。|18
151|花束状果枝的特点是什么？|花束状果枝长度在5厘米以下，除顶芽为叶芽外，其下为排列密集的花芽。花束状果枝粗壮，花芽发育充实，坐果多，果个大，但坐果过多，会影响顶端叶芽的延伸，甚至枯死。|18
152|李树的物候期是什么？|李树的物候期是与当年气候季节性变化相吻合的李生长发育的规律性变化日程，反映了李内部生理机能或外部形态上的变化。|18
153|请问巫山脆李在巫山县海拔400~500米地区的物候期是怎样的？|巫山脆李在巫山县海拔400~500米地区的物候期如下：根系生长期从2月中旬开始至11月下旬结束，萌芽期花芽萌动期为3月初，新梢生长期包括4月初第一次抽梢期，5月下旬第二次抽梢期，6月下旬第三次抽梢期，展叶期春梢初展叶期在3月下旬，落叶期在11月中下旬，花芽分化期从7月下旬开始至11月底结束。|19
154|请问巫山脆李在哪个时期会进入盛花期？|巫山脆李在3月下旬进入盛花期。|19
155|请问巫山脆李新品种宛青的根系生长高峰期具体时间是什么时候？|巫山脆李新品种宛青的根系生长高峰期具体时间如下：第一次从2月下旬开始至3月上旬，第二次从5月上旬至5月下旬，第三次从7月中旬至10月上旬。|19
156|请问巫山脆李新品种宛青的根系生长高峰期有几次？|巫山脆李新品种宛青的根系生长高峰期有三次。|19
157|请问巫山脆李的新梢生长期包括哪些时间段？|巫山脆李的新梢生长期包括：4月初第一次抽梢期，5月下旬第二次抽梢期，6月下旬第三次抽梢期。|19
158|李树的生物学特性及营养价值有哪些|李树的生物学特性包括开花期、落花落果期、果实发育期和成熟期。开花期在3月上中旬至下旬，整个花期约为20天。落花落果期在3月下旬，春梢的萌发会影响坐果。果实发育期分为三个时期：第一次迅速生长期在4月，第二次缓慢生长期在6月，第三次迅速生长期至成熟期在7月上旬至8月初。果实成熟期在8月上旬，果实发育期约为130天，但受海拔高度、温度和雨水的影响，成熟期会有所差异。李树的根系属浅根系，多分布于距地表5~40厘米的土层内，砧木种类不同，根系分布的深浅也会有所不同。根系的活动受温度、湿度、通气状况、土壤营养状况以及树体营养状况的制约，一般无自然休眠期，温度适宜时一年之内均可生长。土壤湿度以田间持水量的60%~80%为宜。李树的根系生长节奏与地上部各器官的活动密切相关，一般幼树一年中有3次生长高峰。|20
159|李树的枝、芽生长节奏是什么？|李树的芽分为花芽和叶芽两种，花芽为纯花芽，每芽中有1~2朵花；叶芽萌发后抽枝长叶，枝叶的生长同样与环境条件和栽培技术密切相关。李在一年之中的生长有一定节奏性，如早春萌芽后，新梢生长较慢，有7~10天的叶簇期，叶片小，节间短，芽较小，主要依靠树体前一年的贮藏营养。随气温升高，根系的生长和叶片增多，新梢进入旺盛生长期，此期枝条节间长，叶片大，叶腋间的芽充实、饱满，芽体大，是水分临界期，对水分反应较敏感，要注意水分的管理，不要过多或过少。此期过后，新梢生长减缓，中、短梢停长积累养分，花芽进入旺盛分化期。雨季后新梢又进入一次旺长期——秋梢生长。秋梢生长要适当控制，注意排水和旺枝的控制，以防幼树越冬抽条及冻害的发生。|21
160|李树对环境的要求是什么？|李树对温度的要求因种类和品种而异。中国李对温度的适应性强，在北方冬季低温地带和南方炎热地区均可栽培。欧洲李原产西亚和欧洲，适于在温暖地区栽培，抗寒力不如中国李。美洲李比较耐寒，在我国吉林、黑龙江等地栽培较多，不加特殊保护即可越冬。李生长季节的适温为20~30℃，开花最适温度为12∼16℃。李花期易受低温冻害，不同发育期的有害低温也不相同，花蕾期为−5℃，开花期为−2.7℃，幼果期为−1.1℃。李开花较早，花期易受霜害，在重庆地区海拔超过1000米区域要注意李花期冻害，建园时要注意选择地势和坡向。|21
161|李树的根系生长节奏是什么？|李树的根系在春季活动后生长缓慢，直到新梢停止生长时出现第一次发根高峰，这是全年的发根季节；到了秋季，出现第二次发根高峰，但这次高峰不明显，持续的时间也不长。|21
162|李树对光照有什么要求？|李树为喜光树种，通风透光良好的果园和树体果实着色好，糖分高，枝条粗壮，花芽饱满。阴坡和树膛内光照差的地方果实成熟晚，品质差，枝条细弱，叶片薄。栽植李应在光照较好的地方并将李树修整成合理的树形，对高产优质十分必要。|22
163|李树对水分的要求是什么？|李树对水分的要求因品种、砧木不同而有所差异。欧洲李喜湿润环境，中国李适应性较强。毛桃砧抗旱性差，耐涝性强；山桃砧耐涝性差，抗旱性强；毛樱桃砧根系浅，不太抗旱。在干旱地区需要保障灌溉条件，在低洼黏重的土壤上要注意雨季排涝。|22
164|李树对土壤的适应性如何？|李树对土壤的适应性以中国李最强，几乎在各种土壤上均有较强的适应能力。欧洲李、美洲李适应性不如中国李，但所有李均以土层深厚的沙壤或中壤土栽培表现好。黏性土壤和沙性过强的土壤应加以改良。|22
165|成熟李每100克可食部分含有哪些营养成分？|成熟李每100克可食部分含有热量192.5千焦、水分87.2克、碳水化合物11.4克、糖9.92克、膳食纤维1.4克、脂肪0.28克、蛋白质0.7克、维生素C9.5毫克、维生素A17微克、β-胡萝卜素190微克、叶黄素和玉米黄素35微克、维生素B₁0.028毫克、钾157毫克、钙6毫克、铁0.17毫克、锌0.1毫克。|22
166|恐龙蛋、味帝、味厚等杏李品种果实的主要糖成分是什么？|山梨醇、蔗糖、葡萄糖和果糖|23
167|李果实中维生素C的含量如何变化|早期下降，后期略有上升|24
168|哪些因素会影响李果实中维生素C的含量|果实的成熟度|24
169|李果实中哪种有机酸含量最低|莽草酸|24
170|周丹蓉用哪些物质为试验材料测定果皮中花色素苷、类黄酮和类胡萝卜素含量|14个李品种|25
171|李果实中主要的花青苷有哪些|矢车菊素-3-葡萄糖苷(cyanidin–3–glucoside)和矢车菊素-3-芸香糖苷(cyanidin–3–rutinoside)|25
172|李果实色泽发育中类黄酮含量呈什么趋势|先下降后提高|25
173|张元慧分别测定果皮和果肉类黄酮的含量，发现哪些品种果皮中类黄酮含量较多|美丽李、黑宝石、红肉李和长李15|25
174|张元慧分别测定果皮和果肉类黄酮的含量，发现哪些品种果肉中类黄酮含量最高|大石早生和安哥诺|25
175|不同李品种间的花青苷含量是否存在差异？|存在极显著差异|26
176|王瑾的试验中，红肉李果实花青苷合成与哪些物质代谢有关？|叶绿素、可溶性糖、酸|26
177|李果皮颜色与花青苷含量有什么关系？|花青苷含量越多，果皮颜色越深|26
178|李果实中的花青苷有哪些种类？|矢车菊素-3-葡萄糖苷和矢车菊素-3-芸香糖苷|26
179|李果实中已鉴定出多少种香气成分？|100多种|27
180|黑宝石李果实中检测出多少种香气成分？|49种|27
181|李泰山对哪些杏李品种果实中的香气组分与含量进行了测定？|风味玫瑰、味帝、味王、恐龙蛋、味厚和风味皇后|27
182|哪些成分随着果实成熟含量逐渐升高，对黑宝石李的香气形成贡献较大？|3-羟基-2-丁酮、苯甲醛、㮈榈酸、反式肉桂酸、乙酸丁酯、乙酸己酯、γ-十二内酯以及22，23-二氢豆甾醇|27
183|欧洲李中富含哪种膳食纤维？|果胶|28
184|欧洲李的抗氧化活性如何被认为的？|在欧美得到广泛认可|28
185|欧洲李属于哪一类水果？|深色水果|28
186|哪些水果和蔬菜被认为可以缓解老化相关的认知缺陷？|富含体外抗氧化活力及抗炎症活力的水果及蔬菜，尤其是深色的水果与蔬菜|28
187|欧洲李果汁如何缓解老龄化大鼠的认知缺陷？|通过提高在水迷宫中的表现|28
188|李果实中的多酚类物质在大肠起到什么作用？|作为过氧化物清除剂，发挥抗氧化作用|28
189|欧洲李如何抑制脂质氧化？|通过丰富的抗氧化物质|28
190|欧洲李如何保护心血管系统？|通过降低血液胆固醇水平，尤其是降低低密度脂蛋白胆固醇(LDL-C)水平|28
191|欧洲李鲜果中膳食纤维的含量是多少？|100克欧洲李鲜果中膳食纤维的含量高达6~7克|28
192|李鲜果中的膳食纤维如何预防结肠癌变？|通过稀释粪便胆汁酸，降低结肠传输时间，增加肠腔内短链脂肪酸浓度|28
193|欧洲李含有的木糖醇和山梨糖醇对肠道有什么影响？|木糖醇可以促进胃排空和降低肠通过时间，山梨糖醇具有通便效果并引起肠道菌群改变。|29
194|西梅和欧洲李如何帮助骨骼健康？|西梅和欧洲李含有抗氧化物质，可以清除损伤性自由基，抑制骨吸收和刺激骨形成，同时富含的硼和钾对促进骨健康有积极作用。|29
195|李核仁中的苦杏仁苷和脂肪油有什么药理作用？|苦杏仁苷和脂肪油具有利水降压作用和止咳祛痰功效。|29
196|李花在《本草纲目》中被记载有什么美容作用？|李花可以用于面脂中，有去粉滓黑黯、令人面泽的作用，对汗斑、脸生黑斑等有良效。|29
197|重庆地区李子栽培建议的年平均温度是多少|8~18℃|30
198|重庆地区李子栽培建议的采前一个月内的降水量是多少毫米|不宜超过50毫米|30
199|重庆地区李子栽培建议的年日照时数是多少小时|1200小时以上|30
200|重庆地区李子栽培建议的无霜期是多少天|120天以上|30
201|重庆地区李子栽培建议的年降水量是多少毫米|大于800毫米|30
202|重庆适合种植李子的海拔范围是多少|180~1500米|30
203|巫山脆李是什么品种的李子|巫山脆李|30
204|重庆地区李子栽培建议的最暖月平均温度是多少|16.6℃以上|30
205|重庆地区李子栽培建议的最冷月平均温度是多少|-1.1℃以上|30
206|巫山脆李是在哪个地区种植的|巫山县曲尺乡柑园村|30
207|巫山脆李的种植面积截至2020年有多少亩|28万余亩|31
208|巫山脆李的果实特性包括什么|果实青、脆、离核，酸甜适度|31
209|巫山脆李在哪些区县进行了种植推广|巫山县、奉节县、巫溪县、云阳县、秀山县、北碚区|31
210|巫山脆李的区域性试验观察是在哪些地方进行的|孙家镇田湾村、溪口乡九树村和分水镇石碾村4社|31
211|巫山脆李的果实特性是如何描述的|果实中熟，大果特性明显|31
212|巫山脆李的成熟采摘期是什么时候|6月20日—7月20日|31
213|巫山脆李的地理标志产品范围包括哪些区县|重庆三峡库区巫山、巫溪、奉节、云阳、开州、万州等区县|31
214|巫山脆李的品种是如何命名的|巫山脆李(渝品审鉴2016015)|31
215|巫山脆李具有哪些特点|抗性适应性较强、易生产管理|31
216|巫山脆李的高接换种是在哪一年进行的|2010年|31
217|巫山脆李获得了哪个部门的《植物新品种权证书》|国家农业农村部|31
218|巫山脆李的平均单果重是多少克左右|35克左右|31
219|金翠李是在哪一年通过重庆市农作物新品种鉴定的？|2014年|32
220|金翠李与当地青脆李品种相比，成熟期延迟了多少天？|30~50天|32
221|金翠李是由哪个果树站发现的？|开县果树站|32
222|金翠李是在哪一年开始试花结果的？|2006年|32
223|金翠李第三年桃高接换种后多久可以结果？|第二年|32
224|宛青李的对土质要求是什么？|不严，但以疏松肥沃、土壤深厚、透气性良好为佳|33
225|宛青李的果实去皮硬度约是多少千克/厘米²？|6.8千克/厘米²|33
226|宛青李每100克果肉含维生素C含量是多少毫克？|7.64毫克|33
227|宛青李的适宜土壤pH范围是多少？|6.0~7.8|33
228|宛青李的市场前景如何？|较好|33
229|宛青李的适宜栽培海拔范围是多少？|100~1200米|33
230|宛青李的最大果重是多少克？|58克|33
231|宛青李的果实纵径是多少毫米？|35.5毫米|33
232|宛青李的果实形状是什么？|扁圆形|33
233|宛青李的可溶性糖含量是多少？|8.42%|33
234|宛青李的可滴定酸含量是多少？|0.67%|33
235|宛青李的单果平均重量是多少克？|30.23克|33
236|宛青李的果实横径是多少毫米？|40.6毫米|33
237|宛青李的果肉颜色是什么？|淡黄或黄色|33
238|宛青李的果皮颜色是什么？|绿色，偶着少量红色|33
239|宛青李的可食率是多少？|97.75%|33
240|宛青李的可溶性固形物含量范围是多少？|13.1%~17.4%|33
241|重庆市李栽培地区无霜期要求多少天以上？|无霜期要求120天以上。|34
242|采前1个月内的降水量不宜超过多少毫米？|不宜超过50毫米。|34
243|在重庆市建立李高效生产及绿色防控技术标准园，园地选择上应该避免哪些地形？|应避免选择谷地、盆地或山坡底部等冷空气容易集结的地方。|34
244|重庆市李栽培地区年日照时数要求多少小时以上？|年日照时数要求1200小时以上。|34
245|在丘陵山区建设宜机化果园时，对于坡度大于25°的地块应采取什么建设方案？|应通过小区合理布局、土地整治，达到小型机械可操作、省力化种植的目的。|34
246|重庆市李栽培地区最冷月的平均气温应该在多少摄氏度以上？|最冷月的平均气温应该在-1.1℃以上。|34
247|重庆市李栽培地区最暖月的平均温度要求是多少摄氏度以上？|最暖月的平均温度要求在16.6℃以上。|34
248|重庆市李栽培地区年平均温度范围是多少摄氏度？|年平均温度应在8~18℃之间。|34
249|重庆市李栽培地区年降水量要求大于多少毫米？|年降水量要求大于800毫米。|34
250|在梯台整治成形后，应该怎样处理表土？|将表土均匀平铺，耕层厚度达到农艺要求|35
251|在建设梯台时，为什么要求梯台埂坎尽量由原土构成？|埂坎高度宜控制在2米以内，并将梯台间坎壁夯筑牢固|35
252|在修建生产作业道路时，对于不同地形的道路设置有什么具体要求？|缓坡地形，道路宜呈斜线形；陡坡地形，道路宜呈S形盘旋设置|35
253|在山地省力化园地规划与整治中，为了方便水土保持和机械操作，梯田是如何修筑作业道的？|沿等高线修筑作业道作为宽行的行向|35
254|请问在山地省力化园地规划与整治中，梯田是如何根据地形等高线构建的？|随地形等高线筑成水平状梯田|35
255|平地果园和山地果园的栽植密度分别是什么？|平地果园的栽植密度为株距×行距3米×5米，山地果园的栽植密度为株距×行距4米×4米。|36
256|苗木栽植前需要进行哪些准备工作？|苗木栽植前需要清除嫁接膜，适度修剪根系，并将根部蘸生根粉1000倍液与K84的混合液。|36
257|什么是李高效生产及绿色防控技术？|李高效生产及绿色防控技术是指在李树种植过程中采用的一系列高效生产方法和绿色防控措施，以提高产量和品质，同时保护环境。|36
258|苗木的定植时间是什么时候？|苗木的定植时间是11月至翌年2月。|36
259|果园的水利规划主要包括哪些方面？|果园的水利规划主要包括灌溉和排水两个方面，灌溉以蓄引为主，排水则通过拦洪沟、梯田及作业道背沟、排水沟和涵管等设施来实现。|36
260|授粉树应该如何配置？|授粉树的配置应根据品种需要适当配置，以保证良好的授粉效果。|36
261|红黄壤对李树的生长有哪些不利影响？|红黄壤黏重或瘠薄，土壤pH偏低，酸度大，土壤物理性状差，且极度缺乏有机质，这些都是李树栽培的主要障碍因子。|37
262|李树适宜生长在哪种类型的土壤中？|李树喜生长在土层较厚、结构疏松的沙质壤土中。|37
263|土壤酸碱度(pH)对李树的生长发育有何影响？|土壤酸碱度主要通过影响土壤养分有效性而影响李的生长发育。一般来说，土壤pH6.5左右时，多数矿质养分的有效性都较高。|37
264|为什么丰产优质李园的土壤有机质含量应该在1.5%以上？|因为土壤有机质不仅是土壤养分的贮藏库，能稳定而持久地供应多种营养元素，还能改善土壤理化性状和土壤结构。|37
265|如何进行李树土壤改良以提高果实品质？|通过土壤深翻、合理间作以及果园覆盖、生草等措施改良土壤结构和理化性状，增强保肥蓄水性能，加深活土层。|37
266|李高效生产及绿色防控技术的作用是什么？|李高效生产及绿色防控技术可以增加土壤间隙，通气透水，增强土壤保水、保肥能力，加速有机质腐烂和分解，提高土壤肥力，增加根系数量和分布深度，消灭杂草，减少果园病虫害的发生，加速土壤熟化，为果树第二年生长创造条件，同时有利于土壤风化和蓄水保墒。|38
267|什么是李高效生产及绿色防控技术的主要问题？|李高效生产及绿色防控技术主要包括土壤改良、深翻、增施有机肥、深翻改土、消灭杂草、减少果园病虫害、深翻时间选择、果实采收后深翻、南方地区深翻时间、根系生长、翻耕深度、土壤质地和土层结构、沙壤土翻耕深度、河滩地底层翻耕、李树行间或株间深翻、深翻沟距主干距离、厩肥、绿肥、饼肥混杂翻耕、肥料施用、深翻后灌水、土壤下沉、根系与土壤接触。|38
268|什么是李绿色高效栽培技术中的间作物选择原则？|间作物选择原则是根据李园空间结构选择适宜的间作品种，初定植的果园行间间距大、光照条件充足时可选择喜光、株型中等的间作物；随着树冠扩大，可选择耐阴、耐潮湿、株型矮小的品种进行间作。此外，间作物应选择根系分布浅、生育期短、生长高峰和肥水需求高峰与李错开的品种，避免与李形成水肥竞争，影响李的生长发育。间作物不应与李有相同的病虫害，不具蔓生性，以免造成果园树势衰弱、病虫害加重。首选生长期短，植株矮小，吸肥水较少，同时有提高土壤肥力、改良土壤结构作用的作物，如豆类、叶菜、薯类、西瓜、草莓及中药材等。|39
269|果园覆盖有什么作用？|果园覆盖能够减少土壤水分散失，增加土壤有机质含量，促进团粒结构形成，增强透水、通气性，促进果树根系的生长，减少地温的日变化和季节变化，促进土壤动物和微生物的活动，还能抑制杂草的生长，减少果园用工，从而起到保墒、调节地温、培肥地力、提高抗旱性的作用。|39
270|果园生草有哪些优点？|果园生草主要有以下优点：可以起到防风固沙，保持水土的作用；可大大提高土壤有机质含量。|39
271|果园生草多久需要翻耕休闲？|生草5~7年后需翻耕休闲1~2年，然后重新生草。|40
272|果园生草有哪些优点和缺点？|优点：提高土壤有效养分含量，改善果树生态环境，节省锄草用工，便于行间作业，实现果园的良性循环。缺点：与果树争肥水，早期落叶病加重，金纹细蛾发生趋重，妨碍施基肥操作，需肥、水较多，连年生草导致果树根系上浮。|40
273|李最佳氮、磷、钾比例是多少？|李绿色高效栽培技术|41
274|李在不同生育时期对养分的需求是什么？|李绿色高效栽培技术|41
275|李生长旺盛，结果量大，对土壤养分的需求比其他果树多，一般每生产100千克果实，需吸收哪些元素？|李绿色高效栽培技术|41
276|基肥是什么？|李绿色高效栽培技术|41
277|李果实增大除了疏果与修剪之外，还靠什么措施来实现？|李绿色高效栽培技术|41
278|什么是促进果树花芽分化，减少落花落果，防止大小年出现的方法？|李绿色高效栽培技术|41
279|李施肥主要分为哪几种类型？|李绿色高效栽培技术|41
280|施基肥最适宜的时期是什么时候？|李绿色高效栽培技术|41
281|李果实发育时间差异很大，应该根据哪些因素进行施肥？|李绿色高效栽培技术|41
282|施肥方法通常有哪些？|环状沟施、放射状沟施、灌溉式施肥|42
283|在生产实践中，基肥一般在什么时候施入？|采果后|42
284|李高效生产及绿色防控技术中，早秋施肥的好处是什么？|提高地温，减少根系冻害|42
285|花后追肥一般应该在什么时候进行？|幼果膨大期至转色期|42
286|中、晚熟品种每株施肥量一般是多少？|有机肥10~20千克+复合肥1.0~1.5千克+微量元素肥20~30克+硼、锌肥各10~20克|42
287|叶面喷肥在李绿色高效栽培技术中有什么作用？|叶面喷肥在李绿色高效栽培技术中可以保花保果，预防缩果、裂果等因缺素造成的生理病害，促进果实着色，提高商品性。|43
288|在李绿色高效栽培中，果实膨大期应如何进行叶面喷肥？|在李绿色高效栽培中，果实膨大期可以使用络佳钙1000∼1500倍液或动力钙600〜800倍液或氨基酸钙600〜800倍液进行叶面喷肥。|43
289|李树在哪些时期对水分的需求最高？|李树在新梢旺盛生长和果实迅速膨大时对水分的需求最高。|43
290|李树对水分的需求如何？|李树是浅根性果树，抗旱性中等，喜潮湿，但不耐涝。|43
291|叶面喷肥的关键时期有哪些？|叶面喷肥的关键时期包括：开花前，谢花后2周内，以及果实膨大期。|43
292|什么是叶面喷肥？|叶面喷肥是根部追肥的有效补充，可快速被植株吸收利用，通过根外追肥补充钙、镁、硼、锌、铁等中、微量元素。|43
293|如何防止李树因干旱或水分过多而引起的落花落果现象？|为了防止李树因干旱或水分过多而引起的落花落果现象，需要在花期进行适当的水分管理。|43
294|李树在哪个季节需要进行灌水？|李树在冬季需要进行灌水，也称越冬水或封冻水。|43
295|谢花后2周内，李绿色高效栽培中应如何进行叶面喷肥？|谢花后2周内，李绿色高效栽培中可以使用锌600~800倍液或络微2000~3000倍液进行叶面喷肥。|43
296|在李绿色高效栽培中，开花前应该使用什么液体进行叶面喷肥？|在李绿色高效栽培中，开花前可以使用硼1000〜1500倍液或络微2000~3000倍液进行叶面喷肥。|43
297|李高效生产及绿色防控技术中，灌水的方法有哪些？|地面大区漫灌、树盘浇灌、沟灌、穴灌、喷灌、滴灌|44
298|如何通过整形修剪提高李树的光合效率|合理调控树冠内外的枝条分布，保障树冠内部有充足的光照条件，提高叶片光合效率|45
299|整形修剪对李树营养生长和生殖生长之间的关系有何影响|通过采用不同的修剪方式缓和或加强树体生长势，平衡树体的营养生长与生殖生长|45
300|为什么需要控制李树的大小和形状|满足生产者与消费者的需求，达到人们对树体大小和形状的基本要求|45
301|整形修剪如何减少李树的病虫害发生|改善树冠内的通风透光条件，减少病虫害的发生，使树体健壮，减少农药使用|45
302|整形修剪对李树有哪些作用|调节树势、控制树体大小和形状、改善树体通风透光、促进高产稳产、有效延长树体的经济寿命|45
303|李树的常见树形有哪些？|自然开心形、疏散分层形|46
304|自然开心形李树的主干高度范围是多少？|40~60厘米|46
305|自然开心形李树有几个主枝？|3个|46
306|自然开心形李树在各主枝上配置几个副主枝？|2~3个|46
307|自然开心形李树的主枝与主干的角度范围是多少？|40°~45°|46
308|疏散分层形李树的主干高度范围是多少？|30~40厘米|46
309|疏散分层形李树有几个主枝？|5~7个|46
310|自然开心形李树的主枝间距一般是多少？|10厘米|46
311|疏散分层形李树第一层主枝的基角范围是多少？|50°~60°|46
312|平地李园李树的定干高度一般是多少？|40~60厘米|46
313|李树定植后多久进行修剪？|定植后立即进行|46
314|疏散分层形李树的副主枝与主枝之间的水平夹角是多少？|45°|46
315|幼年李树修剪的主要目的是什么？|抽梢扩大树冠、培育骨干枝、增加树冠枝梢和叶片|46
316|山地李树的定干高度一般是多少？|30~50厘米|46
317|为了防止主枝上下重叠和交叉，应注意李树各级枝条的什么关系？|从属关系，主枝大于侧枝，基部第一主枝大于第二、第三主枝|47
318|如何处理竞争枝与外围旺长枝？|疏除或多次摘心、拉枝|47
319|李树的冬季修剪通常剪去主枝延长枝的多少？|1/4~1/3|47
320|李树的主枝方位角一般调整为多少度？|约120°|47
321|如何调整李树主枝过于下垂的问题？|选留内芽的剪法或撑拉枝技术|47
322|如何调整李树主枝着生角度过小的问题？|利用“里芽外蹬”方式|47
323|冬季修剪时，为平衡主枝间的生长势，应该如何处理强枝和弱枝？|强枝强剪，弱枝轻剪|47
324|在李树的第三年修剪中，应如何处理各主枝上的第三侧枝？|使其方向与第二侧枝相反，间距为30~40厘米|47
325|在李树的夏季修剪中，对保留的枝条应该进行什么处理？|及时摘心，促使分枝|47
326|李树进入结果盛期应该做什么|扩大树冠，使主枝、副主枝具有明确的主从关系|48
327|李树定植后多久开始结果|3~5年后|48
328|如何控制初结果李树的生长势|剪除过强枝条或拉枝开张角度|48
329|初结果李树的主枝、副主枝延长枝如何处理|适当短截，剪口芽留外向芽|48
330|如何处理盛果期李树的长果枝和强旺生长枝|摘心处理，冬季再短截|48
331|如何适当疏枝以改善李树的光照条件|对树冠内的交叉枝、重叠枝和密生枝等，应予以疏除。对大枝背上剪、锯口萌生的丛生枝，在有空间时适当留1~2个，将其余的疏除。主枝和副主枝上的短果枝或花束状果枝，如果数量过多，应适当疏剪，以改善光照，延长盛果期年限。|49
332|如何更新培养李树的小型结果枝组|强旺的小型结果枝组，可剪去先端强枝，下部长果枝留7~8节花芽，中果枝留4~6节花芽，短果枝和花束状果枝不剪，如果过密可以疏除。过弱的小型枝组，回缩至花束状果枝处更新复壮。对直立徒长枝，过强的可视其着生位置情况进行修剪，没有利用价值的，从基部剪除；有利用价值的，去强留弱，去直立留平斜，促使其形成短果枝和花束状果枝，以培养新的枝组。也可采取拉枝措施，将强旺直立枝拉至水平。|49
333|如何进行冬季修剪以保持李树的理想树形和主从关系|冬季修剪基本要求是保持理想的树形和各级枝条间的主从关系，合理调节李树营养生长与生殖生长的关系。具体包括及时调冠整枝，保持上部稀、外围疏、内膛饱满、通风透光，控制树冠上部抽生的直立大枝，适当短截中庸枝，疏除交叉枝和重叠枝等。|49
334|李树冬季修剪时对延长枝应如何处理|对主枝、副主枝的延长枝适当短截，剪去先端部分的1/4~1/3，第二年可抽生2~3个枝条，选取一个开张角度适宜的枝作延长枝，再选留一个枝条作为侧生枝，其余枝条自基部剪除。|49
335|夏季修剪的目的是什么？|夏季修剪的目的是疏除部分花枝以提高坐果率，调节树体结构以减少养分消耗，适当留枝以增光减耗，以及及时处理长枝以促使苹果树更好地生长和结果。|50
336|如何通过修剪促进苹果树均衡树势？|通过适度短截营养枝和合理回缩修剪来促进苹果树均衡树势。适度短截营养枝指的是剪去枝条的1/4~1/3，合理回缩修剪则是从健壮处下剪，剪去先端下垂衰弱部分，并在剪口留内向芽以抬高枝梢位置，增强树势。|50
337|如何进行李树的衰老树修剪？|应加强肥水管理，更新复壮骨干枝，延缓主干枝的衰老和死亡，及时有计划地回缩更新枝组，集中养分供应，使之尽快恢复生机，维持树势，延长其经济结果年限。|51
338|如何重新培养骨干枝？|对衰弱骨干枝，可培养树冠内部方位适宜的徒长枝代替。夏剪时，对徒长枝摘心，促其增粗生长，抽发副梢；冬剪时，选择先端长势较强的枝作为骨干枝培养，短截其先端衰弱部分的1/4~1/3，剪口芽留内向芽，抬高枝梢位置，增强枝势，使其及早代替衰弱骨干枝，恢复和形成完整的树冠。|51
339|更新复壮骨干枝的方法是什么？|根据树体衰弱程度及树体结构，在主枝、侧枝的中下部回缩大枝，选择角度较小、生长健旺的背上枝作延长枝；或在大枝的直立向上处回缩，促进隐芽萌发，将其培养成主枝头、侧枝头。|51
340|如何处理回缩后留下的小结果枝组？|要有计划地轮换回缩，使它们保持一定产量。对长势衰弱的结果枝组，应回缩到靠近骨干枝的位置。|51
341|如何更新结果枝组？|首先，将树冠上部的骨干枝组进行回缩(落头)，在其中下部2~3年生年轻枝组或中间枝(叶丛枝)处进行重短截回缩。其次，将树冠中下部的大枝组，回缩到先端2~3年生的枝背上角度大的分枝处，把原枝头剪去，以背上的小枝代替骨干枝头，促使回缩口下部的枝组或潜伏芽萌发成为强势新枝或徒长枝。然后摘心处理，并于新梢生长期留40~45厘米再次摘心，促其增粗生长，抽生副梢形成分枝，形成结果枝组，恢复生长势。对余下的大枝组，第二年采取同样的方法，进行回缩更新和新梢摘心，以形成短果枝和花束状果枝。连续2~3年采用先缩后放的方法，就可以培养出更新结果枝组。|51
342|衰老李树的更新复壮应该在什么情况下进行|在权衡利弊后决定是否进行，如老园入不敷出或老品种不符合市场需求时应进行更新复壮。|52
343|花果管理包括哪些措施|疏花疏果、保花保果、果实套袋、铺反光膜、夏季修剪等，旨在提高果实的外观和内在品质。|52
344|如何进行李树的修剪以促使其更新复壮|分枝处进行重回缩，培养新的结果枝组，适当疏剪背上旺长枝，保留中庸偏弱枝，通过先放后缩的方法培养结果枝组。|52
345|在李树修剪中，为什么要培养新的结果枝组|为了取代衰老的结果枝组，保持树的生长活力和提高产量。|52
346|大果型李树品种应该进行几次疏果|大果型李树品种通常需要进行2次以上的疏果，分别在落花后1~2周和花期结束后一个半月左右进行。|53
347|何时进行李树的疏果处理|李树的疏果处理应在花枝坐果后的1~2周内进行，根据品种、规格及长势来确定单株果树的果量，并疏除弱果、病果、畸形果等。|53
348|如何提高李花的坐果率|采取合理的疏花疏果措施，根据品种及环境条件的不同，灵活调整树体负载量，确保适量的坐果量以提高优质果率。|53
349|李花管理中疏花疏果的原则是什么|疏花疏果的原则是“疏果不如疏花、疏花不如疏枝”，即优先疏除过密的花朵和花芽，以减少后期疏果的工作量，并确保树体不会因负载过重而衰弱。|53
350|疏果时应该考虑哪些因素来确定单株果树的果量|疏果时应考虑品种、规格、长势等因素来确定单株果树的果量，同时遵循疏果原则，保证适量的负载量，以维护树势并确保优质果率的提高。|53
351|李树落花落果的主要原因是什么|品种差异、不良天气、树体养分不足|54
352|如何提高李树的坐果率|提高树体贮藏营养水平、保证授粉质量|54
353|什么是李流胶病|李流胶病是一种李树常见的病害，特别是在降水量多的地区，如长江流域及江南区域，管理不善的园区发生率极高。|55
354|李穿孔病包括哪几种类型|李穿孔病主要包括细菌性穿孔病、褐斑穿孔病、霉斑穿孔病三种类型，是李树上普遍发生的主要病害。|55
355|我国在李上已发现的虫害有多少种|据不完全统计，我国目前在李上已发现的虫害有170多种。|55
356|李褐腐病在我国的分布情况如何|李褐腐病在我国分布较广，北方、南方均有发生，尤其在多雨年份和果实害虫严重的情况下，会造成大量落果、烂果。|55
357|哪些害虫会对李产业造成严重危害和经济损失|李小食心虫、桃小食心虫、梨小食心虫等食心虫类害虫，以及卷叶蛾类、食叶蛾类、螨类、蚜类、介壳虫等害虫都会对李产业造成严重危害和经济损失。|55
358|我国李产区炭疽病的分布情况如何|炭疽病在我国李产区分布较广，尤其在江淮流域发生较重，常造成果实受害，降低产量。|55
359|桃蚜在我国哪个分布区域比较广泛？|我国均有分布|56
360|如何实现李生产绿色优质高效的目标？|贯彻“预防为主，治疗为辅，防治结合”的方针，合理地利用植物检疫、农业防治、生物防治、物理防治、化学防治等手段，将李的主要病虫害控制在经济阈值以下|56
361|梨小食心虫在我国哪个流域危害比较严重？|长江、黄河流域|56
362|桑盾蚧在我国哪个地理区域分布很广？|从海南、台湾至辽宁、华南、华东、华中、西南多省|56
363|李属坏死环斑病毒目前传入我国的省份有哪些？|十多个省、自治区、直辖市|56
364|李褐腐病主要危害哪些部位|果实、花、叶及枝梢|57
365|李褐腐病的病斑初始症状是什么|果面产生褐色圆形病斑|57
366|李褐腐病的防治方法有哪些|加强果园管理|57
367|李褐腐病属于哪个亚门|子囊菌亚门|57
368|什么是李褐腐病的病原|果生核盘菌|57
369|李袋果病的病原菌在什么地方越冬|以菌丝和子囊孢子或芽孢子在芽鳞片外表或芽鳞片间越冬|58
370|如何防治李袋果病|加强果园管理，及时摘除病叶，集中烧毁，增施肥料|58
371|哪些环境条件有利于李袋果病的发生|低温多雨，地势低洼、江河沿岸、低洼湖畔果园|58
372|李袋果病的侵染时期是什么时候|早春李露白发芽期遇雨水|58
373|李袋果病的叶片有哪些特征|在展叶期开始变成黄色或红色，叶面皱缩不平|58
374|李袋果病的病原是什么|子囊菌亚门的李外囊菌(Taphrina pruni)|58
375|李袋果病的枝梢有哪些特征|呈灰色，膨胀，组织松软|58
376|李袋果病主要危害哪些部位|果实、花、枝梢和叶片|58
377|李袋果病在我国哪些地区发生较多|东北和西南高原地区|58
378|李袋果病的病果有哪些特征|生长畸形，初期呈圆形或袋状，后逐渐变狭长，略弯曲，无核或仅能见到未发育好的皱形核，中空如囊，外部平滑，淡黄色至红色，皱缩后变成灰色至暗褐色或黑色|58
379|褐斑穿孔病的病斑穿孔边缘整齐吗|较整齐|59
380|褐斑穿孔病的分生孢子是通过什么传播的|风雨|59
381|哪些环境条件有利于褐斑穿孔病的发生和流行|低温多雨、地势低洼、果园郁闭、通风透光不良、树势衰弱、管理粗放的果园|59
382|褐色穿孔病的病斑边缘外围有什么特征|常有明显的坏死组织残余|59
383|褐斑穿孔病在什么条件下会产生灰褐色霉状物|潮湿时|59
384|褐斑穿孔病的病菌发育温度范围是多少|7~37℃|59
385|褐斑穿孔病的适宜温度是多少|25~28℃|59
386|褐斑穿孔病对哪些果树产生危害|桃、李、杏等核果类果树|59
387|褐斑穿孔病主要危害果树的哪个部位|叶片，也可侵害嫩梢和果实|59
388|褐斑穿孔病的病斑初期是什么颜色|紫红色至紫褐色|59
389|褐斑穿孔病的病斑后期边缘会发生什么变化|逐渐清晰，外围有时产生黄色晕圈|59
390|李穿孔性叶点病的病斑初期是什么颜色？|淡绿色至淡褐色|60
391|李穿孔性叶点病的病原属于哪个分类单位？|半知菌亚门腔孢纲球壳孢目叶点霉属|60
392|李穿孔性叶点病主要危害哪个部位？|叶片|60
393|李穿孔性叶点病的病斑后期会出现什么情况？|病斑表面散生出多个小黑点，有时病斑边缘可产生裂缝，形成穿孔|60
394|李霉斑穿孔病的病原有是什么？|嗜果刀孢[Clasterosporiumcarpophilum(Lev.)Aderh.]|61
395|防治李霉斑穿孔病的方法有哪些？|加强果园管理；化学防治，喷洒适量农药|61
396|李霉斑穿孔病主要危害哪些部位？|桃、李、杏、樱桃等核果类果树|61
397|请问李红点病主要危害哪些部位？|叶片，有时也侵害叶柄和果实。|62
398|李红点病的病原是什么？|子囊菌亚门的李疔菌[Polystigmarubrum(Pers.)DC.],无性阶段为半知菌亚门的多点霉菌[Polystigminaarubra(Desm.)Sacc.]。|62
399|李病虫害防治中，哪种病害的分生孢子器在7—8月成熟？|李病虫害|63
400|李病虫害防治中，哪种病害的病斑边沿不清楚？|李病虫害|63
401|李病虫害防治中，哪种病害的病斑会产生红黑色？|李病虫害|63
402|李病虫害防治中，哪种病害的症状包括病叶卷曲？|李病虫害|63
403|李病虫害防治中，哪种病害会在叶片上形成病斑？|李病虫害|63
404|李病虫害防治中，哪种病害会导致果实畸形？|李病虫害|63
405|李病虫害防治中，哪种病害的病原主要在病落叶上越冬？|李病虫害|63
406|李病虫害防治中，哪种病害的初侵染发生在展叶盛期到9月？|李病虫害|63
407|李病虫害防治中，哪种病害的病斑是橙红色的？|李病虫害|63
408|李病虫害防治中，哪种病害的病斑上会散生深红色小粒点？|李病虫害|63
409|李病虫害防治中，哪种病害的病原属于子囊菌亚门小丛壳属？|李病虫害|63
410|李病虫害防治中，哪种病害的无性阶段是半知菌亚门炭疽菌属的胶孢炭疽菌？|李病虫害|63
411|李病虫害防治中，哪些化学药剂可用于防治红点病？|李病虫害|63
412|李病虫害防治中，哪种病害需要从落花后开始喷药进行化学防治？|李病虫害|63
413|李病虫害防治中，哪种病害在管理粗放的果园发生较重？|李病虫害|63
414|李病虫害防治中，哪种病害的发生与多雨潮湿有关？|李病虫害|63
415|李病虫害防治中，哪种病害的子囊壳在10—11月叶片枯死后才完全成熟？|李病虫害|63
416|李病虫害防治中，哪种病原会导致叶片脱落？|李病虫害|63
417|李病虫害防治中哪种病害会导致叶片脱落？|李病虫害|63
418|炭疽病在什么时候发生|从花芽萌动到结果期|64
419|炭疽病的病斑特征是什么|淡褐色水渍状病斑，红褐色病斑，显著凹陷，分布小黑点，呈同心轮纹状排列|64
420|炭疽病是如何传播的|随风雨传播，通过伤口或幼嫩组织侵入新梢和幼果|64
421|炭疽病危害哪些部位|果实、叶片和新梢|64
422|炭疽病的越冬方式是什么|病菌主要在树上的病枝和僵果中越冬|64
423|疮痂病危害哪些水果？|疮痂病除了危害李子外，还危害梅子、杏子、桃子、扁桃、樱桃等多种核果类水果。|65
424|炭疽病在李树上是如何传播的|炭疽病主要通过分生孢子进行传播，这些孢子在雨水多的条件下产生、传播并侵染李树，特别是在果实膨大期，每次降雨后都可能导致孢子大量扩散，连续的阴雨天气可能导致病害暴发。|65
425|防治炭疽病的方法有哪些？|防治炭疽病的方法包括：|65
426|李高效生产及绿色防控技术中，新梢受害后会出现哪些症状？|初为长圆形浅褐色病斑，后呈暗褐色，病部微隆起，常发生流胶。|66
427|李高效生产及绿色防控技术中，叶片受害后会出现哪些症状？|初期产生多角形或不规则形灰绿色病斑，后发展为暗色或紫红色，最后病部干枯脱落而形成穿孔。|66
428|李高效生产及绿色防控技术中，病菌是如何越冬的？|病菌以菌丝体在枝梢病组织中越冬。|66
429|李高效生产及绿色防控技术中，哪些气候条件有利于病害流行？|多雨和高湿有利于病害流行，尤其是春季和初夏降水量多时。|66
430|李高效生产及绿色防控技术中，病菌何时产生分生孢子？|病菌在春季气温上升后产生分生孢子。|66
431|李高效生产及绿色防控技术中，孢子产生的最适温度和相对湿度是多少？|孢子产生的最适温度为20~28℃，相对湿度为80%以上。|66
432|李高效生产及绿色防控技术中，描述一下李果实发病初期的症状。|发病初期出现暗褐色至深褐色圆形斑点。|66
433|李高效生产及绿色防控技术中，危害李果实的病害主要表现在哪些部位？|果实肩部、尖部及胴部。|66
434|：李高效生产及绿色防控技术中，如何防治该病害？|：加强果园管理，秋末冬初结合修剪剪除病枯枝，清除僵果、残桩，集中烧毁或深埋，减少越冬菌源。注意雨后排水。|66
435|李高效生产及绿色防控技术中，果实发病后期可能出现什么症状？|病斑处发生龟裂，呈疮痂状，甚至造成果实开裂。|66
436|白粉病的无性阶段是什么？|白粉孢(OidiumerysiphoidesFr.)|67
437|李树的病虫害防治中，哪些措施可以减轻发病？|适时夏剪，改善果园通风透光条件|67
438|白粉病的病原是什么？|三指叉丝单囊壳[Podosphaeratridactyla(Wallr.)deBary]|67
439|李树的化学防治中，可以选用哪些药剂进行喷洒？|45%晶体石硫合剂50倍液、50%苯菌灵可湿性粉剂1500倍液等|67
440|白粉病在哪些果树上可以发生？|桃、李、杏、樱桃等核果类果树|67
441|白粉病是如何发生的？|白粉病病菌主要以菌丝体在病芽内或以闭囊壳在叶片上越冬，翌年产生子囊孢子，通过气流传播进行侵染危害，而后在田间蔓延。在芽内越冬的病菌，随病芽萌发形成病梢后产生大量分生孢子，通过气流传播，进行扩散。病菌多从气孔或皮孔侵染，该病在田间有多次再侵染，再侵染传播均为气流传播。|68
442|白粉病的症状是什么？|白粉病的症状是在受害部位表面产生一层白粉状物，叶片受害多发生在叶片正面，初期在叶面产生近圆形白色粉斑，后粉斑逐渐扩大成片状，病斑多时相互连片，叶面布满白粉；有时粉斑也可在叶背产生，相对应的叶面处出现褪绿黄斑。后期在白粉状物上可散生许多褐色至黑色的小颗粒状物，严重时叶片背面也可见。受害病叶凹凸不平、扭曲畸形，甚至脱落。|68
443|防治白粉病的方法有哪些？|防治白粉病的方法包括：(1)加强果园管理，如彻底清扫落叶，集中深埋或烧毁，消灭在落叶上越冬的病菌。春季发现病梢后及时剪除，集中深埋，减少田间发病中心及菌量。(2)化学防治，如往年病梢发生较重的果园，在落花后立即开始喷药，7~10天喷1次，连喷2次，控制和减少病梢形成。|68
444|白粉病在植物上主要危害哪些部位？|白粉病主要危害叶片、新梢和果实，也可侵染芽。|68
445|防治李褐锈病常用的化学药剂有哪些|30%已唑醇·乙嘧酚悬浮剂、12.5%烯唑醇可湿性粉剂、4%四氟醚唑水乳剂、50%醚菌酯水分散粒剂、250克/升吡唑·醚菌酯悬浮剂|69
446|如何防治李褐锈病|加强果园管理，清除落叶和杂草；化学防治，喷药兼防。|69
447|李褐锈病主要危害哪个部位|叶片|69
448|李褐锈病的病原是什么|刺李瘤双胞锈菌|69
449|李褐锈病的发病高峰期是什么时候|8—9月|69
450|李树腐烂病又称什么？|李树腐烂病又称干枯病、烂皮病。|71
451|李病虫害防治中提到的李膏药病是什么病？|李膏药病是李树上的一种病害。|71
452|如何防治李膏药病？|防治李膏药病的方法包括加强果园管理，合理施肥灌水，增强树势，提高树体抗病力。科学修剪，促进果园通风透光，雨季及时排水，降低环境湿度。结合修剪，清理李园，减少病源。果园行间不宜种植烟草、白菜、甜椒等农作物，以减少蚜虫夏季繁殖场所。秋季施肥及平时用药的基础上土施锌、硼等微量元素肥。|71
453|李树腐烂病在全国各产区是否都有分布？|是的，李树腐烂病在全国各产区均有分布。|71
454|李膏药病的发病原因是什么？|李膏药病的发生与李整体缺乏中、微量元素有很大的关系。|71
455|如何通过化学防治减少李腐烂病的发生？|李、杏、樱桃等核果类果树枝干受伤后不宜进行刮治|72
456|腐烂病在什么条件下会较重发生？|树势衰弱、抗病力降低时|72
457|请问李高效生产及绿色防控技术中主要防治哪种病害？|李腐烂病|72
458|防治李枝枯病可以采取哪些方法？|合理施肥，适当增施磷、钾肥，控制坐果量，保持健壮或中庸树势；合理修剪，确保树体通风透光；排水差、地下水位高的李园要开深沟排水，降低田间湿度；早期刮净病斑或及时剪除病枝，锯去枯死枝干，刮平，再涂抹3%甲基硫菌灵伤口愈合剂。|73
459|李枝枯病在哪些环境条件下会发生严重？|地势低洼、排水不良、湿度较大的园地|73
460|请问李枝枯病的优势菌株是什么？|七叶树壳梭孢|73
461|什么是真菌性流胶病|真菌性流胶病(fungalgummosis)在李上是一种发生最为普遍、造成危害最广的病害。|74
462|什么是李白纹羽病|李白纹羽病是美国黑李重要的根部病害，常造成黑李大批枯死。|75
463|如何防治李白纹羽病|防治李白纹羽病的方法包括：加强果园管理，增强抗病性；清除越冬菌源；化学防治等。|75
464|李白纹羽病的病原是什么|李白纹羽病的病原为子囊菌亚门的褐座坚壳[Rosellinianecatrix (Hartig)Berless]，无性世代为半知菌亚门的白纹羽束丝菌(Dematophoranecatrix)。|75
465|李高效生产中如何进行化学防治？|剔除病苗，栽植前用10%硫酸铜溶液或70%甲基硫菌灵可湿性粉剂500倍液浸根；症状初见时，切除已霉烂的根，浇施或撒施药液或药粉；上半年和下半年进行病树处理及施药，避免在7、8月高温、干燥季节扒土施药；使用25%甲霜灵可湿性粉剂、50%福美双可湿性粉剂、45%代森铵水剂等药剂进行药液灌根。|76
466|李高效生产中病害的发生规律是什么？|病菌以菌丝体、根状菌索在土壤中越冬。在适宜的土壤温度（11.5°C至25°C）和湿度条件下，根状菌索长出营养菌丝侵害新根，逐渐延及粗根。|76
467|李高效生产中如何进行农业防治？|雨后及时排水，合理使用氮、磷、钾肥，增施有机肥；合理整枝修剪，避免过度修剪导致树势衰弱。|76
468|李高效生产中常见的病害特征有哪些？|地上部分比健株衰弱，后期出现叶片变黄、枯萎、变小、枯枝、枯干等特征；根部表面缠有灰白色蛛网状菌丝层，皮层变褐、腐烂且新根稀少；病株树皮变黑，容易脱落，易从土中拔出，根颈部出现黑色胶状溢出物，易折断。|76
469|桃根朽病如何传播和扩展？|病菌从根颈部的伤口处开始侵染，并沿主干和主根上下扩展，皮层内、皮层与木质部之间形成菌丝层，分解寄主皮层和木质部组织，造成寄主树皮环割而致植株枯死。|77
470|桃根朽病会导致哪些症状？|树体皮层溃烂及木质部腐朽，树势迅速衰退、死亡，发芽展叶迟缓，全株叶片卷曲，变小而薄，黄化至脱落等。|77
471|桃根朽病的病原体是什么？|蜜环菌[Armillariamellea(VahlexFr.)Kum-mer]、假蜜环菌[Armillariellatabescens(Scop.exF|77
472|桃根朽病在哪个季节会生出褐色蘑菇？|夏末至早秋。|77
473|桃根朽病主要危害哪些植物？|李、梨、山楂、枣、杨、榆、柳、刺槐、葡萄、板栗、苹果等多种重要果树和林木。|77
474|李高效生产及绿色防控技术中土壤带菌是如何影响发病的？|土壤带菌是影响发病的关键因素。土壤带菌时，无论新栽幼树还是老树都会迅速死亡，即使在排灌良好的土壤也是如此。|78
475|李根瘤病的病原是什么？|李根瘤病的病原为根瘤菌科根癌土壤杆菌属的根癌土壤杆菌[Agrobacterium tumefaciens (Smithet Townsend) Conn]。|78
476|李高效生产及绿色防控技术中的病害发生规律是什么？|病菌以菌丝体及菌索在有病组织的土壤中可长期营腐生生活，其中菌索可在死亡病树桩内存活30年之久，主要通过病根与健根的接触、菌索的扩展进行传播。病菌接触到新的寄主后，先建立腐生关系，当条件适宜时，直接或从伤口侵人根内，开始新的侵染。病菌子实体成熟时，可产生大量担孢子进行传播。病菌在8~28℃均可发育，最适温度为25℃，不需光。本病一般在春、秋季发病较多，病害的发生盛期一般为3—4月和8—9月。|78
477|李高效生产及绿色防控技术中，防治方法有哪些？|防治方法包括：(1)铲除侵染源，切断传播途径。及时发现刨掉病树，并掘除病残根和可能的病残体，全部收集、烧毁，并对发病处进行土壤消毒，可用1%~2%硫酸铜溶液浇灌病穴土壤或撒施生石灰消毒。(2)药剂灌根。病害发生量大的果园，则建议改种其他对该病不敏感的作物。也可采用药剂灌根治疗，但代价很高。可于每年早春和夏末分别用药剂灌根1次。灌根时，可以树干为中心，四周开挖3~5条宽30~50厘米、深40~60厘米、远至树冠外围的沟。药剂可选用50%代森铵水剂500倍液、70%甲基硫菌灵可湿性粉剂1000倍液，每株灌药液量视树冠大小而定，可灌50~75千克。|78
478|李树根瘤病的发生规律是什么？|植株受害后，在根部形成肿瘤，导致树体生长缓慢，发育受阻，树势衰弱，甚至死亡。地上部表现为植株生长缓慢，叶片小而窄、卷缩，叶色发黄，花芽不饱满。根部表现为根系发育不良，产生新根少，主根及侧根都不同程度地产生球形或扁球形、表面粗糙不平的癌瘤，并且其上有坏死斑。|79
479|李树根瘤病主要危害哪些部位？|发病部位主要在根颈处、嫁接口附近，侧根和毛细根也能受害。|79
480|李树根瘤病的根部症状是什么？|根部症状包括根系发育不良，产生新根少，主根及侧根都不同程度地产生球形或扁球形、表面粗糙不平的癌瘤，并且其上有坏死斑。|79
481|如何识别李树根瘤病的地上部症状？|地上部症状包括植株生长缓慢，叶片小而窄、卷缩，叶色发黄，花芽不饱满。|79
482|什么是李树的根瘤病？|根瘤病又称冠瘿病、根癌病，是一种世界性病害，主要危害幼树，染病后树体生长衰弱，枝条枯萎，甚至整株枯死。也可危害大树，削弱树势，常导致李树死亡。|79
483|为什么根癌病在温带比热带更常见？|土壤温度超过30°时不形成癌瘤|80
484|病菌在什么样的土壤pH范围内能致病？|6.2~8.0|80
485|根癌土壤杆菌的致死温度是多少摄氏度？|51°|80
486|病害发生与哪些环境因素密切相关？|土壤酸碱度、温度、湿度|80
487|根癌土壤杆菌最适生长在什么样的土壤pH条件下？|7.3|80
488|根癌土壤杆菌的最适生长温度范围是多少摄氏度？|25∼30°|80
489|防治根癌病的方法有哪些？|加强检疫、培育无病苗、苗木消毒|80
490|根癌病菌的传播距离有哪些因素影响？|传播距离随方式而定|80
491|病菌如何利用土壤存活较长时间？|在病株未被清理的部分以及癌瘤组织皮层中借助土壤的保护抵抗严寒|80
492|哪种土壤更有利于根癌土壤杆菌致病？|中性至碱性土壤|80
493|病菌在癌瘤破裂脱落后的存活时间是多少？|超过1年|80
494|在什么条件下土壤湿度最适合病菌的侵入和瘤的形成？|22°左右的土壤温度和60%以上的土壤相对湿度|80
495|肿瘤形成通常需要多长时间？|2~4周|80
496|李细菌性穿孔病的主要危害是什么|主要危害叶片，也侵染果实和新梢|81
497|李树的病瘤如何消除|用刀切除病瘤，用石灰乳或波尔多液涂抹伤口，或用甲冰碘液和二硝基邻甲酚钠与木醇混合涂瘤|81
498|李细菌性穿孔病的发病初期症状是什么|发病初期在叶脉两侧产生黄白色至白色的水渍状圆形小斑点|81
499|李细菌性穿孔病的后期症状有哪些|后期病斑脱落，部分与叶片相连，形成穿孔，穿孔边缘破碎不整齐；果实受害形成稍凹陷、深褐色不规则病斑，病斑边缘水渍状；枝条受害产生春季溃疡和夏季溃疡两种不同病斑|81
500|如何减少李树的根瘤病发生|使用K84进行根部处理|81
501|李细菌性穿孔病的病原是什么|樱类黑斑病菌和丁香假单胞菌丁香致病变种|81
502|李属坏死环斑病毒病的英文名称是什么？|Prunus necrotic ringspot virus, PNRSV|82
503|PNRSV是一种什么样的病毒？|PNRSV是一种能够侵染危害多种核果类果树的病毒，被列为中华人民共和国进境植物检疫危险性病、虫、杂草名录中的二类危险性有害生物。|83
504|PNRSV的核酸分子是什么？|PNRSV的核酸分子是线形正义单链核糖核苷酸(ssRNA)。|83
505|PNRSV主要通过什么途径传播？|PNRSV主要通过带毒的繁殖材料(如种子和花粉)进行传播，无性繁殖材料的调运是PNRSV的一个重要传播途径。|83
506|PNRSV的致死温度和体外存活期是什么？|PNRSV的致死温度(TIP)为55~62℃，体外存活期(LIV)为9~18小时。|83
507|PNRSV在李属植物上的症状有哪些？|PNRSV在李属植物上的症状差异较大，可能表现为新叶上出现坏死环斑或黄条斑，坏死斑中心脱落，出现孔洞，重者只剩下花叶状叶架；有的株系会产生橡叶纹、叶背面耳突、黄花叶症。感病植株花期推迟，花梗变短，花瓣出现条斑，显症病树翌年病状一般不再在同一枝条上发生，有的也带毒显症。症状程度从叶的黄化和变形到生长受阻，枝条和树干流胶和顶梢枯死。|83
508|PNRSV在哪些寄主或品种上的传播效率差异很大？|PNRSV在樱桃、酸樱桃、马哈里酸樱桃、桃和樱桃李等寄主或品种上的传播效率差异很大。|83
509|在我国哪些地区检测到李矮缩病毒(PDV)?|北京、陕西等地区|84
510|李矮缩病毒(PDV)可以造成哪些危害症状？|核果类果树叶片褪绿、扭曲、坏死，植株矮缩、流胶等。具体可表现新梢节间变短，叶片密集，叶片变小，叶色变淡，叶缘上卷；花梗变短，花朵密集；有时果实畸形，产量降低。危害症状以春、夏两季节最明显。|84
511|李矮缩病毒(PDV)主要分布于哪些地区？|欧洲、南美洲、北美洲、日本、澳大利亚和新西兰等温带李属果树栽培地区|84
512|李矮缩病毒(PDV)属于哪个科和属的病毒？|雀麦花叶病毒科(Bromoviridae)、等轴不稳环斑病毒属(Ilarvirus)|84
513|李矮缩病毒(PDV)首次是在哪个国家被报道的？|美国|84
514|李痘病毒是什么时候在保加利亚首次被发现的|1915年|85
515|李痘病毒可以在哪些植物组织中造成症状|叶片、花瓣、枝条、树皮、果实及果核|85
516|李痘病毒属于哪个科和病毒组|马铃薯Y病毒科马铃薯Y病毒组|85
517|李痘病毒被哪个国家列为检疫性有害生物|中国|85
518|李痘病毒的主要传播途径是什么|汁液传播，通过蚜虫进行非持久性传毒|86
519|李痘病毒能否通过种子和花粉传播|能，例如M株系可以经种子传播|86
520|PPV发生的适宜气候条件是什么|温带至中温带气候，最冷月平均温度0~18℃，最热月平均温度10℃以上|86
521|干旱季节对PPV发生的影响是什么|无明显不利影响|86
522|防治李痘病毒的方法有哪些|加强检疫和监测，培育无毒苗木，选用无毒接穗，及时检测和移除发病植株|86
523|根结线虫病的危害症状有哪些？|根结线虫病危害李根部，形成瘤状物即根瘤，根瘤开始为白色至黄白色，较小和松软，后期扩大后呈黄褐色，表面粗糙。根变短，侧根和须根减少，影响植株发育及营养吸收，严重时表现叶片黄化，整株树的新陈代谢能力减弱，早期落叶，导致果树产量下降，并常伴随冠瘿病的出现。|87
524|什么是根结线虫病？|根结线虫病是由侧尾腺口纲垫刃目根结线虫属的一些种引起的病害。|87
525|根结线虫的寄生方式是什么|固着式内寄生|88
526|根结线虫的卵是在什么地方产的|根表面胶状的卵块中|88
527|根结线虫的2龄幼虫是如何获得侵染能力的|以宿主根系的分泌物、CO₂及热信号作为引导|88
528|在什么温度下，根结线虫会缩短活动时间或失去侵染能力|高于40℃或低于5℃|88
529|南方根结线虫、花生根结线虫和爪哇根结线虫的最适生存温度是多少|25~30℃|88
530|土壤干燥时，根结线虫的卵和幼虫会发生什么|死亡|88
531|当土壤中有足够的水分并在土壤颗粒上形成水膜时，根结线虫的卵会发生什么|迅速孵化|88
532|最适于根结线虫发育和卵孵化的温度范围是多少|20~30℃|88
533|根结线虫的传播途径有哪些|种苗、肥料、农具、水流传播及线虫本身移动|88
534|影响根结线虫生长和繁殖的最重要因素是什么|土壤温度、湿度|88
535|请问李病虫害防治中提到的物理防治方法有哪些？|高温、水淹和冰冻。|89
536|请问在土壤消毒方面，可以采用哪些杀线虫剂？|棉隆微粒剂、噻唑膦颗粒剂。|89
537|请问生物防治中，如何使用淡紫拟青霉和阿维菌素乳油？|淡紫拟青霉穴施或沟施，阿维菌素乳油喷施或灌根。|89
538|请问哪种植物可以作为捕捉植物来减轻根结线虫的危害？|白菜、菠菜、芫荽。|89
539|山楂叶螨的危害特点是什么？|山楂叶螨1年发生6~10代，以受精雌成螨在李枝干的翘皮、裂缝，根颈周围土缝，落叶及杂草中越冬。在李萌芽期，越冬雌成螨开始出蛰，爬到花芽上取食危害，有时1个花芽上有多头成螨危害。落花后，成螨在叶片背面危害，此代发生期比较整齐。成螨在叶片上产卵，完成后继世代，世代重叠。6—7月的高温干旱季节适宜叶螨发生，为全年危害高峰期。8月以后，湿度增大，加上成螨天敌的影响，成螨数量有所下降，危害随之减轻。8月下旬至9月上旬，逐渐转为越冬型雌成螨。10月，害螨几乎全部进入越冬场所越冬。李叶片较薄，叶螨危害后很容易造成落叶。成虫和若虫性情不活泼，早春多集中在李的内膛枝上，后期逐渐向树冠外围扩散，成群聚集在叶背危害，并吐丝拉网。害螨可孤雌生殖，虫卵多产在叶背主脉两侧及丝网上。天敌有食螨瓢虫类、花蝽类、蓟马类、草蛉和捕食螨类等几十种。|90
540|山楂叶螨的防治方法有哪些？|文中并未直接提及山楂叶螨的具体防治方法，但通常可以采用以下措施进行防治：1. 清除越冬场所，减少雌成螨的越冬基数；2. 加强栽培管理，提高树木抗逆性，减少叶螨危害；3. 生物防治，利用天敌如食螨瓢虫类、花蝽类、蓟马类、草蛉和捕食螨类等进行自然控制；4. 化学防治，根据害虫发生情况和危害程度，科学合理地使用农药。|90
541|山楂叶螨的形态特征有哪些？|山楂叶螨的形态特征包括卵圆球形，春季产卵呈橙黄色，夏季产卵呈黄白色；幼螨初孵时为圆形，黄白色，取食后呈浅绿色，有3对足；若螨有足4对，前期背部出现刚毛，两侧出现明显的墨绿色斑纹，后期若螨体型变大，形似成螨；雌成螨椭圆形，长约0.5毫米，宽约0.3毫米，深红色，体背稍隆起，后部有横向的表皮纹，刚毛较长，基部无瘤状突起，足4对，淡黄色；雄成螨椭圆形，长约0.4毫米，宽约0.3毫米，末端尖削，初期浅黄绿色，后期浅绿色，体背两侧各有1个大黑斑。|90
542|山楂叶螨对李树造成的危害有哪些？|山楂叶螨以幼螨、若螨和成螨危害叶片，常群集在叶片背面的叶脉两侧拉丝结网，并在网下刺吸叶片的汁液。受害叶片出现失绿小斑点，渐扩大连片，变成黄褐色或红褐色，严重时叶片枯焦并早期脱落。|91
543|有哪些药剂可以用于山楂叶螨的化学防治？|可选用43%联苯肼酯悬浮剂1800~2400倍液,20%唑螨酯悬浮剂7~10毫升/亩,30%乙螨唑悬浮剂6000〜8000倍液、1.8%阿维乳油1000~2500倍液,30%乙唑螨腈悬浮剂3000〜6000倍液、30%腈吡螨酯悬浮剂2000〜3000倍液、30%螺虫·唑螨酯悬浮剂4000〜5000倍液、36%联肼·螺虫酯悬浮剂2500〜3000倍液、40%丁醚·哒螨灵悬浮剂1500~2000倍液等药剂进行喷雾。|91
544|山楂叶螨的化学防治关键时期是什么时候？|李萌芽期和第一代若螨发生期。|91
545|如何进行山楂叶螨的生物防治？|保护自然天敌种群，尽量少使用广谱性的农药，当天敌种群与山楂叶螨的比例在1：30时不用药，采取涂干法进行防治。在有条件的地方，可释放捕食螨。|91
546|二斑叶螨的雄成螨体形特点是什么|体末略尖，呈菱形|92
547|二斑叶螨的雌成螨体色有哪些类型|非滞育型体绿色或黄绿色，背面两侧有暗色斑，滞育型体背两侧的暗色斑逐步消失，体色为橙黄或橘红色|92
548|二斑叶螨的若螨有几个足|4对|92
549|二斑叶螨的雌成螨在什么地方越冬|树干翘皮、缝隙、杂草、落叶中越冬|92
550|二斑叶螨一年发生多少代|10余代|92
551|二斑叶螨危害哪些作物|棉花、苹果、桃、杏、柑橘、木薯和花卉等作物|92
552|李树的病虫害有哪些防治方法？|防治方法包括清理果园、生物防治和化学防治。|93
553|清理果园的目的是什么？|目的是清除李园杂草，消灭杂草上的害螨。|93
554|化学防治二斑叶螨时可选用哪些药剂？|可选用20%唑螨酯悬浮剂、30%乙螨唑悬浮剂等。|93
555|八桃蚜的形态特征是什么？|桃蚜无翅胎生雌蚜体长约2.2毫米、宽0.94毫米，卵圆形，体色为淡黄绿色或乳白色。|93
556|生物防治二斑叶螨的方法有哪些？|生物防治包括以虫治螨、以螨治螨和以菌治螨。|93
557|二斑叶螨对李树造成什么样的危害？|叶片出现失绿斑点，严重时叶片枯黄并提前脱落。|93
558|桃蚜对哪些颜色有趋性？|桃蚜天敌有瓢虫、食蚜蝇、草蛉等。桃蚜对黄色、橙色有强烈的趋性，而对银灰色有负趋性。|94
559|桃蚜的防治方法有哪些？|桃蚜的防治方法包括物理防治和生物防治。物理防治可用黄板诱杀有翅蚜，或用银灰膜驱蚜。生物防治则是保护利用天敌，如李园的七星瓢虫、草蛉、食蚜蝇、蚜茧蜂等自然天敌。此外，可实行人工生草，改善李园生态，为天敌提供活动和繁殖场所，并避免在天敌活动高峰期喷洒广谱性农药。|94
560|桃蚜在哪些地区发生？|桃蚜在朝鲜、日本、印度尼西亚、印度以及北美洲、欧洲、非洲等地均有发生，是世界上分布最广的蚜虫之一。|94
561|桃蚜在哪些植物上取食？|桃蚜寄主范围很广，可以在50多个科400多种植物上取食，可传播115种植物病毒(占整个蚜虫传播植物病毒的67.7%)，国内的寄主植物有170种以上，主要有油菜等十字花科植物，桃、李等蔷薇科果树，烟草、马铃薯等茄科作物。|94
562|桑盾蚧在李树上是如何越冬的？|桑盾蚧以受精的雌成虫在多年生枝条上群集越冬。|95
563|桑盾蚧的雌虫和雄虫的形态特征有什么不同？|桑盾蚧的雌虫无翅，体长0.9~1.2毫米，淡黄至橙黄色，介壳灰白至黄褐色；雄虫有翅，体长0.6~0.7毫米，翅展宽1.8毫米左右，灰白色，触角念珠状，介壳细长，白色，背面有3条纵脊。|95
564|桑盾蚧一年可以发生多少代？|桑盾蚧一年可以发生3~5代。|95
565|防治桑盾蚧可以选择哪些药剂？|可以选择3%啶虫脒乳油2500~3000倍液、10%吡虫啉可湿性粉剂2000倍液等。|95
566|桑盾蚧在我国哪些地区发生？|桑盾蚧在我国的地域分布很广，从海南、台湾至辽宁，华南、华东、华中、西南多省均有发生。|96
567|防治桑盾蚧的方法有哪些？|防治方法包括：(1)严格检疫。加强苗木、接穗检疫，防止虫害蔓延。(2)清理果园。冬、春季，采用硬毛刷或钢丝刷，清除并杀死枝干上的虫体，消灭越冬雌虫。(3)生物防治。利用桑盾蚧的天敌，如红点唇瓢虫等，进行生物控制。(4)化学防治。在李发芽前，使用石硫合剂涂刷枝条或喷雾，若虫分散转移形成介壳之前是化学防治的最佳时期，可使用25%噻嗪酮可湿性粉剂1000~2000倍液、45%松脂酸钠可溶性粉剂100~160倍液、20%的甲氰菊酯乳油1500倍液+10%吡虫啉可湿性粉剂4000倍液进行喷雾。|96
568|桑盾蚧对果树有什么影响？|桑盾蚧以若虫和雌成虫刺吸枝干汁液，导致枝条被虫体覆盖呈灰白色，被害枝条生长不良，树势衰弱，严重者死亡。|96
569|朝鲜球坚蚧的形态特征是什么？|朝鲜球坚蚧(koreanlecanium),又称朝鲜球坚蜡蚧、桃球坚蚧、杏球坚蚧、朝鲜毛球蚧，属同翅目(Ho-moptera)蚧科(Coccidae)。雌成虫无翅,介壳半球形,长约4.5毫米、宽约3.8毫米、高约3.5毫米，前、侧面上部凹入，后面近垂直。初期介壳软，呈黄褐色；后期硬化，呈红褐至黑褐色，表面有明显皱纹和极薄的蜡粉，背中线两侧各具1纵列不规则的小凹点，壳边平削，与枝接触处有白蜡粉。雄成虫有1对透明翅，体长1.5~2.0毫米、宽约5.5毫米，头胸赤褐色，腹部淡黄褐色，末端有1对尾毛和1根性刺，触角10节；前翅发达，白色半透明，后翅特化为平衡棒。卵长约0.3毫米、宽约0.2毫米，椭圆形，附有白蜡粉，初白色，后渐变粉红色，孵化时现红色眼点。若虫长椭圆形，初孵时长约0.5毫米，扁平，淡褐色至粉红色，被白粉；触角6节，丝状，眼红色；足发达，腹部背面可见10节，腹面13节，腹末有2个小突起，各生1根长毛，固着后体侧分泌出白蜡丝覆盖于体背，不易见到虫体。越冬后雌雄分化，雌体卵圆形，背面隆起，呈半球形，淡黄褐色，有数条紫黑横纹；雄体瘦小，椭圆形，背稍隆起。仅雄有蛹，长约1.8毫米，赤褐色，腹部末端有黄褐色刺突。茧椭圆形，灰白色，半透明，扁平，有2条纵沟及数条横脊，末端有1横缝。|97
570|朝鲜球坚蚧的发生规律及危害是什么？|朝鲜球坚蚧1年发生1代，以2龄若虫在枝条裂缝和芽越冬，外覆蜡被。春季从蜡被脱出另找固定点，开始雌雄分化和发育。雄若虫4月分泌蜡茧，中旬开始羽化交配，交配后雌虫迅速膨大，5月中旬产卵，每雌一般产卵千余粒，卵期7天左右。5月下旬至6月上为孵化盛期，初孵若虫分散至枝、叶背危害，落叶前转回枝上，以叶痕和缝隙处居多，此时若虫发育极慢，越冬前蜕1次皮。|97
571|针对朝鲜球坚蚧，可选用哪些药剂进行防治？|可选用40%螺虫·毒死蜱悬浮剂1500~2000倍液、50%氯氟·毒死蜱乳油5000~6000倍液、40%啶虫·毒死蜱乳油750~1000倍液等进行防治。|97
572|朝鲜球坚蚧的主要防治方法有哪些？|朝鲜球坚蚧的防治方法主要包括休眠期防治、生长期防治和保护和利用天敌。休眠期防治是在10月中下旬使用石硫合剂喷涂树体，春节前后使用柴油乳剂喷洒，3月下旬至4月上旬再次使用石硫合剂喷洒。生长期防治是从5月中下旬开始，每隔10~15天喷药1次，共喷3次，可选用的药剂有25%噻嗪酮可湿性粉剂、45%松脂酸钠可溶性粉剂、40%螺虫·毒死蜱悬浮剂、40%啶虫·毒死蜱微乳剂和50%氯氟·毒死蜱乳油等。保护和利用天敌则是保护黑缘红瓢虫、球蚧花翅跳小蜂等天敌，以控制朝鲜球坚蚧的发生。|98
573|朝鲜球坚蚧在哪个时期危害最盛？|朝鲜球坚蚧在4月下旬至5月上旬危害最盛。|98
574|朝鲜球坚蚧的寄主植物有哪些？|朝鲜球坚蚧的寄主植物包括苹果、桃、李、柿、板栗、核桃等果树以及柏、柳、榆、洋槐、泡桐等林木。|98
575|东方盔蚧的卵孵化时颜色变化是什么|初期乳白色，近孵化时黄褐至红褐色|99
576|东方盔蚧的雌成虫体长是多少毫米|4.1~6.6毫米|99
577|东方盔蚧的雌茧形状是什么|长椭圆形，半透明|99
578|东方盔蚧一年有几个代|2代|99
579|朝鲜球坚蚧在什么地方越冬|枝干上|99
580|如何减少东方盔蚧对果树的危害？|通过喷洒石硫合剂或使用噻嗪酮、松脂酸钠、螺虫·毒死蜱悬浮剂、啶虫·毒死蜱微乳剂、氯氟·毒死蜱乳油等化学药剂进行防治|100
581|东方盔蚧的天敌有哪些？|黑缘红瓢虫(Chilocorusrubidus)、红环瓢虫(Rodolialimbata)、大红瓢虫(Rodoliarufopilosa)等|100
582|防治东方盔蚧的方法有哪些？|(1)清理果园 (2)严格检疫 (3)保护和利用天敌 (4)化学防治|100
583|东方盔蚧对哪些果树和林木造成危害|桃、杏、梅、苹果、梨、葡萄、枣、核桃等果树，以及槐、杨、柳等林木|100
584|桃蛀螟的形态特征是什么？|成虫体长9~14毫米,翅展宽20~26毫米，身体纤细，橙黄色，复眼黑色，鳞毛细小，触角丝状，下唇须发达、上翘，背面及前后翅面上散布有黑色小斑点，前翅上有27~28个，后翅上有10余个，腹部背面各有3个黑斑，末端有一撮黑色毛丛。卵椭圆形，长约0.6毫米、宽约0.4毫米，表面粗糙，有细微圆点，初期乳白色，后变为黄色，孵化前为橘红|100
585|桃蛀螟成虫喜欢在哪里产卵|桃蛀螟成虫喜欢在树叶繁茂的树上产卵，尤以果实间或叶片处产卵较多|101
586|桃蛀螟的危害特点是什么|桃蛀螟以幼虫蛀果危害，幼虫在果内取食危害，排积粪便，被害果外面堆有红褐色虫粪，并有流胶，受害果易腐烂早落|101
587|桃蛀螟的分布区域是哪里|桃蛀螟分布北起黑龙江、内蒙古，南至台湾、海南、广东、广西、云南南缘|101
588|桃蛀螟在李树上发生几代|桃蛀螟1年发生4~5代|101
589|桃蛀螟幼虫期有多长时间|桃蛀螟幼虫期约为20天左右|101
590|请问李高效生产中可以使用哪些药剂进行化学防治？|药剂可选用5%氯氰菊酯乳油800〜1000倍液、20%氰戊菊酯乳油2000倍液、2.5%高效氯氟氰菊酯水乳剂2500~3000倍液、35%氯虫苯甲酰胺水分散粒剂15000〜30000倍液、2%甲氨基阿维菌素苯甲酸盐微乳剂1500〜2000倍液、6%阿维·氯苯酰乳油3000〜4000倍液。|102
591|请问梨小食心虫的老熟幼虫体长是多少？|老熟幼虫体长10~14毫米。|102
592|请问梨小食心虫的卵是什么形状的？|卵是扁圆形的，中央稍隆起，初产时乳白色，后淡黄色。|102
593|请问梨小食心虫的成虫体长和翅展分别是多少？|成虫体长6~7毫米，翅展13~14毫米。|102
594|请问李高效生产中如何利用黑光灯和糖醋液诱杀成虫？|利用成虫对黑光灯和糖醋液的趋性，在李园设置黑光灯或糖醋液诱捕器，诱杀成虫。|102
595|李树的病虫害有哪些|李树的病虫害包括幼虫危害新梢和果实，造成新梢折断和果实形成“豆沙馅”，有时果面有虫粪排出，被害果易脱落。|103
596|李树的防治方法有哪些|李树的防治方法包括清理果园，刮除树干和主枝上的翘皮，清扫李园中的枯枝落叶，及时剪除被害梢，拾取落地果实并集中深埋。此外，还可以利用糖醋液和性外激素诱杀成虫，以及喷洒氰戊菊酯和高效氯氟氰菊酯等化学药物进行防治。|103
597|桃小食心虫的危害特点是什么？|桃小食心虫的幼虫会在果实内蛀食，导致果实受害。幼虫在果内生活约20天后，于6月陆续老熟脱果，脱果幼虫全部结扁圆形茧。这会对果实产量和品质造成影响。|104
598|桃小食心虫的形态特征是什么？|桃小食心虫的雌蛾体长7~8毫米，翅展16~18毫米；雄蛾体长5~6毫米，翅展13~15毫米。全体灰白色或灰褐，触角丝状，雄虫下唇须短小，向上弯曲，雌虫下唇须较长，向前伸直。翅基部及中部有7簇蓝褐色的斜立鳞片，缘毛灰褐色，前翅近中部靠前级有1个蓝黑色近似三角形的大斑，后翅灰色，缘毛长。卵椭圆形，长约0.4毫米，初期橙黄色，后为深红褐色。幼虫初孵时黄白色，老熟时桃红色，体长13~16毫米，腹面色较淡，头和前胸背板褐色或暗褐色。腹足趾钩单序环状，腹部末端无臀栉。蛹长约7毫米，黄白至黄褐色，羽化前变为灰黑色。茧分夏茧和冬茧。夏茧纺锤形，长约13毫米，质地疏松；冬茧圆形，稍扁，长约6毫米，质地紧密。|104
599|防治桃小食心虫的生物方法包括哪些微生物和线虫|昆虫病原细菌如苏云金杆菌(Bt)，昆虫病原真菌如白僵菌、绿僵菌，昆虫病原线虫如泰山1号、线虫CZ-88、斯氏线虫|105
600|桃小食心虫主要危害哪些寄主植物|苹果、梨、桃、李、杏、山楂、枣|105
601|防治桃小食心虫的物理方法是什么|在树干周围1米范围内培土约20厘米厚|105
602|如何预测桃小食心虫成虫产卵盛期|使用桃蛀果蛾性激素诱捕器诱捕雄蛾，在雄成虫发生高峰后1~2天，是雌成虫产卵高峰期|105
603|化学防治桃小食心虫时，常用的药剂有哪些|50%辛硫磷乳剂、25%辛硫磷微胶囊剂、5%高效氯氟氰菊酯水乳剂、35%氯虫苯甲酰胺水分散粒剂、2%甲氨基阿维菌素苯甲酸盐微乳剂、6%甲维·茚虫威悬浮剂、30%阿维·灭幼脲悬浮剂、6%阿维·氯苯酰乳油|105
604|桃小食心虫幼虫在果实内如何危害果肉|在果皮下纵横蛀食果肉，随虫龄增大，有向果心蛀食的趋向|105
605|李小食心虫的形态特征是什么？|李小食心虫的成虫体长4.5~7.0毫米，翅展11~14毫米，体背面灰褐色，头部鳞片灰黄色，复眼褐色，前翅长方形，烟灰色，无明显斑纹，前缘有18组不很明显的白色钩状纹；后翅梯形，淡烟灰色。卵扁椭圆形，长0.60~0.72毫米，初期乳白色半透明，后淡黄色。老熟幼虫体长约12毫米，头宽约0.9毫米，玫瑰红或桃红色，腹面体色较浅，头部黄褐色。前胸背板浅黄或黄褐色；臀板淡黄褐色或玫瑰红色，上有20多个深褐色小斑点；腹足趾钩粗短，为不规则双序。蛹体长6~7毫米，初为淡黄褐色，后变褐色，其外被污白色茧，长约10毫米,纺锤形。|106
606|李小食心虫的发生规律及危害是什么？|李小食心虫在黑龙江、吉林、辽宁、河北等地区1年发生2代，少数3代，以老熟幼虫在树冠下的表土内、草根附近、土石块下做茧越冬，翌年4月下旬至5月上旬化蛹，越冬代成虫于5月中旬开始出现，5月中下旬为羽化盛期。成虫羽化后经1~2天交尾产卵，卵期1周左右，10天左右老熟脱果，顺枝条爬至主干，潜入粗皮缝隙内、草根、石块或钻入浅土层内做茧，经3~4天化蛹，蛹期1周左右。6月中下旬第一代成虫出现，第二代幼虫期约20天，第二代成虫于7月下旬至8月上旬出现，9月中旬采收前，老熟幼虫脱果越冬。成虫昼伏夜出，有趋光性和趋化性，白天栖息在树下的草丛或土块缝隙等隐蔽场所，黄昏时在树冠周围交尾产卵，卵散产在果面或叶片上。孵化后，幼虫先在果面上爬行，寻找到适当部位后即蛀入果内。幼虫危害时多直接蛀入果仁，被害果极易脱落。幼虫蛀食果实2~3天后，在被害果尚未脱落前，即行转果危害，当果实生长靠近时，幼虫更易迁果危害。随果落地的小幼虫，由于落地虫果很快干枯，多数不能完成幼虫期。第二代幼虫蛀果后，不能危害果仁，只蛀食果肉，果实被害后常表现出“流泪”现象，一般每头幼虫只危害1个果实，受害果不脱落。|106
607|李实蜂的雌虫体长是多少毫米？|4~6毫米|107
608|李实蜂幼虫会在树的哪个部位蛀入？|李实蜂幼虫一般从果实的顶部蛀入，也有从中部蛀入的情况。|108
609|李实蜂成虫在什么时候出土？|李实蜂成虫在3月下旬至4月上旬开花期出土。|108
610|为什么说品种栽植混乱的李园受害情况更严重？|品种栽植混乱的李园受害情况更严重，因为这样的李园趋于随机分布，更容易被李实蜂攻击。|108
611|李实蜂幼虫期一般持续多久？|李实蜂幼虫期持续26~31天。|108
612|防治李实蜂的方法有哪些？|防治李实蜂的方法包括加强果园管理、做好预测预报和覆盖薄膜。|108
613|棉褐带卷蛾的形态特征是什么？|棉褐带卷蛾的成虫体长6~8毫米，翅展13~23毫米，淡㮈色或黄褐色；触角丝状，与体同色；下唇须较长，向前延伸；前翅有2条深褐色斜纹，外侧的一条较细，后翅淡灰色。雄虫较雌虫体小，颜色较淡，前翅基部有前缘褶。幼虫体长13~15毫米，头和前胸背板淡黄色，幼龄时淡绿色，老龄幼虫翠绿色；3龄以后的雄虫腹部第五节背面出现1对黄色性腺，臀栉6~8根。蛹长9~11毫米，黄褐色，腹部第2~7节各节背面有2行小刺，后一行较前一行短小，臀棘8根。卵扁平，椭圆形，淡黄色，聚集排列成鱼鳞状卵块。|109
614|棉褐带卷蛾对哪些水果作物有危害？|棉褐带卷蛾是果树的一种主要害虫，寄主有桃、李、杏、樱桃、苹果、梨、山楂等。|109
615|棉褐带卷蛾的第三代卵期大约多久？|约7天|110
616|棉褐带卷蛾幼虫在什么时间孵化并越冬？|10月中下旬|110
617|棉褐带卷蛾的雌成虫产卵地点在哪里？|叶上和果皮上|110
618|棉褐带卷蛾的成虫发生期分别在哪些月份？|5—6月发生第一代、7—8月发生第二代、8—9月发生第三代|110
619|早春发芽前应喷施哪种药剂以杀灭棉褐带卷蛾越冬幼虫？|晶体石硫合剂50~100倍液|110
620|可以使用哪些微生物制剂防治棉褐带卷蛾幼虫？|青虫菌液100~200倍液或苏云金杆菌75~150倍液|110
621|棉褐带卷蛾有哪些天敌？|赤眼蜂、姬蜂、肿腿蜂、茧蜂、绒茧蜂等|110
622|越冬代幼虫和第一代初孵幼虫期可喷施哪些药剂？|5%高效氯氟氰菊酯水乳剂2500~3000倍液、5%氯氰菊酯乳油800~1000倍液等|110
623|冬季应如何清理果园以防治棉褐带卷蛾？|刮除老翘皮和剪锯口周缘的老树皮，摘除干叶集中灭杀|110
624|如何利用棉褐带卷蛾的习性进行诱杀？|利用黑光灯诱杀成虫；在糖醋液中加入少许杀虫剂|110
625|棉褐带卷蛾的卵期大约多久？|约10天|110
626|棉褐带卷蛾的蛹期大约多久？|约7天|110
627|棉褐带卷蛾幼虫在哪里越冬？|皮缝、伤口处|110
628|棉褐带卷蛾幼虫如何危害果实？|呈现形状不规则的小坑洼|110
629|棉褐带卷蛾幼虫如何危害叶片？|吐丝将叶片连缀一起，在其中危害，将叶片食成缺刻状或网状|110
630|棉褐带卷蛾主要危害植物的哪些部分？|叶和果|110
631|桃潜叶蛾主要危害哪些植物？|桃潜叶蛾主要危害桃、李、杏等核果类果树。|111
632|桃潜叶蛾的越冬习性如何？|桃潜叶蛾越冬代成虫当年11月中旬，平均气温6.5℃以下时潜伏越冬，翌年春季平均气温5.5℃以上时出蛰活动。|111
633|桃潜叶蛾成虫的活动时间是什么时候？|桃潜叶蛾成虫一天中以中午最活跃，气温降低后，又潜伏于树皮缝中。越冬代成虫多在上午7时后开始交尾。|111
634|如何识别桃潜叶蛾的卵？|桃潜叶蛾的卵扁椭圆形，无色透明，卵壳极薄而软。卵产在叶肉组织内，叶背有黄色小鼓包。|111
635|桃潜叶蛾的形态特征有哪些？|桃潜叶蛾成虫体长3毫米，翅展6毫米，体及前翅银白色，前翅狭长，先端尖，翅先端有黑色斑纹，附生3条黄白色斜纹，有灰色长缘毛。幼虫体长6毫米，胸淡绿色，体稍扁，有褐色胸足3对。卵扁椭圆形，无色透明，卵壳极薄而软。|111
636|李高效生产及绿色防控技术的第三代蛹自然死亡率是多少？|3.5%|112
637|常用于李高效生产及绿色防控技术的化学防治药剂有哪些？|10%虫螨腈悬浮剂、5%虱螨脲悬浮剂、250克/升苯氧威悬浮剂、5%氯氰菊酯乳油等（请提供更多具体信息）|112
638|李高效生产及绿色防控技术的第三代幼虫在发生量大时可以危害多少片叶？|20片叶|112
639|什么是李高效生产及绿色防控技术？|未提供答案|112
640|李高效生产及绿色防控技术的第四代幼虫发生时，可重复危害哪些部位？|叶片|112
641|李高效生产及绿色防控技术的第二代幼虫危害哪些部位？|中部叶片，第5~10片叶|112
642|李高效生产及绿色防控技术的第一代幼虫危害哪些部位？|第1~5片叶|112
643|李高效生产及绿色防控技术的第五代幼虫受害严重的区域落叶率可以达到多少？|80%以上|112
644|李高效生产及绿色防控技术的第四代蛹自然死亡率是多少？|7.0%|112
645|李高效生产及绿色防控技术的幼虫从吐丝结茧至整个虫体包裹好需要多长时间？|52~152分钟|112
646|使用草把诱杀成虫的目的是什么？|诱集越冬成虫，清除销毁越冬场所，消灭部分越冬成虫|112
647|性诱剂杀成虫的目的是什么？|杀雄性成虫，预报害虫消长情况，指导化学防治|112
648|化学防治黑刺粉虱的方法是什么？|喷洒5%柴油乳剂毒杀越冬幼虫|113
649|黑刺粉虱的蛹壳颜色和形状是什么？|椭圆形，漆黑带光泽，边锯齿状|113
650|黑刺粉虱的防治方法有哪些？|农业防治和化学防治|113
651|黑刺粉虱的卵孵化前是什么颜色？|灰黑色|113
652|黑刺粉虱在哪个科里？|粉虱科|113
653|黑刺粉虱的幼虫体周缘有什么特征？|有明显的白蜡圈|113
654|黑刺粉虱一年可以发生几代？|4~5代|113
655|农业防治黑刺粉虱的方法包括什么？|剪除密集的虫害枝，使李园通风透光，及时中耕、施肥，增强树势，提高植株抗虫能力|113
656|黑刺粉虱成虫的颜色是什么？|橙黄色|113
657|茶翅蝽成虫的体长是多少毫米？|12~16毫米|114
658|茶翅蝽的卵一般有多少粒排列成卵块？|多为20~30粒|114
659|茶翅蝽以什么为食？|叶片、果实和嫩梢的汁液|114
660|茶翅蝽一年发生几代？|1代|114
661|茶翅蝽危害李果实的表现有哪些？|被刺处流胶，果肉下陷，形成僵斑硬化，幼果受害严重时易脱落|114
662|李病虫害的化学防治方法有哪些？|可喷施25%噻虫嗪水分散粒剂4000~5000倍液、20%氰戊菊酯乳油2000倍液等防治。|115
663|生物防治对李病虫害有哪些作用？|保护自然天敌，如小花蝽和草蛉幼虫可以取食茶翅蝽的卵，三突花蛛能够捕食茶翅蝽的若虫和成虫。卵寄生蜂在茶翅蝽的生物防治中起着重要作用。|115
664|铜绿丽金龟的形态特征是什么？|成虫体长19~21毫米，触角黄褐色，鳃叶状；前胸背板及鞘翅铜绿色，具闪光，上有细密刻点。|115
665|铜绿丽金龟的危害特点是什么？|1年发生1代，以老熟幼虫越冬。翌年春季越冬幼虫上升活动，先在其他寄主上取食，李发芽后，再到李上危害花芽、嫩叶和花蕾。|115
666|李病虫害的物理防治方法有哪些？|清除门窗、墙壁上的成虫；成虫产卵期，收集卵块和初孵若虫，集中销毁。|115
667|什么是桑天牛的主要形态特征？|桑天牛（mulberryborer）又称桑干黑天牛、粒肩天牛、褐天牛，属鞘翅目（Coleoptera）天牛科（Cerambycidae）。成虫黑褐色，体长26~51毫米、宽8~16毫米，密被灰黄色绒毛；触角鞭状，第一、第二节黑色，其余各节灰白色，端部黑色；体背一般呈青㮈色，腹面㮈黄色，基半部灰白色；前胸背板突起、粗壮；鞘翅基部1/4~1/3处密布许多黑色光亮颗粒状突起。|116
668|桑天牛对哪些部位进行危害？|桑天牛以成虫危害李花芽、花蕾、幼叶、幼果，可将叶片食成缺刻状，严重发生时可将全株叶片、花芽、果实食光。|116
669|桑天牛的卵是什么形状的？|椭圆形|117
670|桑天牛的幼虫体长是多少毫米？|45~60毫米|117
671|桑天牛产卵时会对树木造成什么样的伤害？|将树皮咬伤|117
672|桑天牛幼虫在被害枝干内越冬，那么成虫一般在哪个季节活动？|7、8月|117
673|桑天牛成虫产卵期大约是多少天？|40天|117
674|桑天牛成虫一般什么时候活动取食？|晚间|117
675|桑天牛的防治方法有哪些？|物理防治：捕杀成虫，检查枝干并清除卵和幼虫，清除死树和死枝|117
676|桑天牛的幼虫是如何危害树木的？|在枝干的皮下和木质部内向下蛀食，排出大量粪屑，破坏输导组织，削弱树势|117
677|桑天牛的蛹期一般是多少天？|15~25天|117
678|桃红颈天牛的成虫体长是多少毫米？|28~40毫米|118
679|桃红颈天牛的老熟幼虫体长是多少毫米？|38~55毫米|118
680|桃红颈天牛的蛹初期是什么颜色？|乳白色|118
681|桃红颈天牛的卵初期是什么颜色？|淡绿色|118
682|桃红颈天牛在华北地区几年发生一代？|2~3年|118
683|桃红颈天牛的幼虫是如何危害植物的？|桃红颈天牛幼虫蛀食枝干的表皮层和木质形成层，被害单株幼虫可达数十头，轻则造成树势衰弱，果量锐减，严重时造成全株死亡。|119
684|桃红颈天牛主要危害哪些植物？|桃红颈天牛主要危害桃、李、杏、樱桃、梅等核果类果树及杨、柳、核桃等部分林木。|119
685|桃红颈天牛主要分布在哪里？|桃红颈天牛在我国分布于辽宁、内蒙古、河北、河南、山东、山西、陕西、甘肃、湖北、四川、江苏、浙江、广东、广西、福建、天津和北京等地，国外分布于朝鲜半岛、越南。|119
686|防治桃红颈天牛的方法有哪些？|防治桃红颈天牛的方法包括：(1)人工捕捉成虫。(2)防止成虫产卵，如用涂白剂涂抹树干和主枝，或用塑料薄膜包扎树干主要着卵部位。(3)利用昆虫病原线虫。(4)生物防治，如释放管氏肿腿蜂。(5)利用植物源杀虫剂，如苦皮藤素药签。|119
687|小绿叶蝉在李树上的危害期是什么时候？|6月虫口数量增加，8—9月最多且危害重。|120
688|小绿叶蝉的生命周期包括哪些阶段？|成虫、若虫、卵。|120
689|小绿叶蝉的形态特征有哪些？|成虫淡绿色至绿色，体长3.3~3.7毫米，复眼灰褐至深褐色，触角刚毛状，前翅半透明，后翅透明膜质。|120
690|小绿叶蝉的防治方法有哪些？|排粪孔注药法、树木注干、喷雾使用球孢白僵菌可湿性粉剂或3%噻虫啉微囊悬浮剂。|120
691|小绿叶蝉的越冬方式是什么？|以成虫在树皮缝、落叶、枯草及低矮植物上越冬。|120
692|如何防治大青叶蝉？|清理果园，化学防治|121
693|大青叶蝉的卵是什么颜色的？|乳白色，近孵化时黄白色|121
694|大青叶蝉一年可以发生几代？|1年发生2~5代|121
695|大青叶蝉在哪里越冬？|以卵在枝条表面下组织内越冬|121
696|大青叶蝉在哪个科目下？|同翅目(Homoptera)叶蝉科(Cicadellidae)|121
697|大青叶蝉的成虫体长是多少毫米？|雌虫体长9~10毫米,雄虫体长7~8毫米|121
698|大青叶蝉在哪些寄主上繁殖第2~3代？|在这些寄主上繁殖第2~3代，一般不危害李|121
699|大青叶蝉成虫是否趋光性强？|是|121
700|大青叶蝉的天敌有哪些？|蜘蛛、赤眼蜂和叶蝉柄翅卵蜂等|121
701|大青叶蝉在什么时间孵化为若虫？|翌年春季|121
702|大青叶蝉可传播哪种病害？|大青叶蝉可以传播病毒病。|122
703|大青叶蝉对李树造成什么样的危害？|大青叶蝉以成虫和若虫危害叶片，刺吸汁液，严重时会导致枝条遍体鳞伤，发育迟缓，树势削弱，甚至引起枝条和幼树枯死。|122
704|黑李枝腐的病因与防治方法是什么|王晓方，解劲，余如土，2006|123
705|李树根癌的发生概况及防治措施是什么|刘露, 2014|123
706|李(桃)霉斑穿孔病的发生规律及防治技术是什么|王剑荣，冯正军，2006|123
707|检疫性有害生物李痘病毒的生物学特性及预防控制技术是什么|王浩，万方浩，于翠，等，2020|123
708|桃李杏梅病虫害的防治原色图鉴是哪本书|吕佩珂，苏惠兰，高振江，2014|123
709|李树褐腐病的发生与防治方法是什么|张瑞珠, 陈兆銮, 2010|123
710|李子白粉病的发生与防治方法是什么|王小银，王强荣，李平，等，2011|123
711|松尔膜配套药剂对李树流胶病的防治效果如何|张广仁，李广旭，杨华，等，2020|123
712|桃小食心虫的发生规律及防控技术研究进展是什么|杨华、彭玉基、韩秀梅，等，2012|123
713|桃穿孔病的比较鉴别与防治方法是什么|许长新，焦蕊，张林林，等，2019|123
714|李树腐烂病的综合防治方法是什么|陆卫明, 程艳墉, 1999|123
715|李病虫害有哪些防治方法|刘露, 2014|123
716|李贮运保鲜与加工中提到的巫山脆李是什么品种的李|巫山脆李|124
717|李贮运保鲜与加工中，适宜的采收期对果实品质和贮运效果有什么影响？|适宜的采收期不仅关系到果实品质的好坏，还直接影响贮运效果。|125
718|采收李的时候应该注意哪些技术要点？|采收应在晴天气温较低时或者阴天进行，避开雨天、露(雨)水未干和高温时段。采摘时用手指捏住果柄从果枝上将果实摘下，保留李果柄和果粉，切勿持握果体，轻拿轻放，尽量做到无伤采果，减少病菌侵入的机会。若李在树上成熟度不一致时，要分批分次采收，既能增加产量和提高品质，又能增加耐贮性。采收时，所用采收筐、背篼等容器应垫有软草、纸屑或者布等保护措施。采收周转时，宜采用塑料周转筐，轻拿轻放，避免碰撞造成损伤。采后的李应放在阴凉处，避免太阳直晒，并尽快预冷入库。|125
719|李高效生产及绿色防控技术主要包括哪些内容|李大大小、单果重、外观颜色、成熟度、品质等进行分级处理，优化分级，有利于贮藏运输，以质论价，满足不同人群的消费需求。|126
720|采后的李果应该如何进行分选处理|采后就地进行分选，或者搬运至就近的分选处理场所分选，要求在阴凉通风处进行。分选方法可分为人工分选和机械分选，分选过程做到轻拿轻放，不造成果实二次伤害。|126
721|包装李果时应该注意哪些事项|包装材料需清洁卫生，干燥无异味，容器内壁光滑，并留有通风孔。李包装材料可采用透明塑料模盒，每盒8~10个果实，或者泡沫网单个包装，也可采用纸箱(5~10千克/箱)、塑料箱(5~15千克/箱)、木箱(10~20千克/箱)等容器进行盛装，盛装容器不宜过大，内部放码层数不宜过多，防止压伤。|126
722|预冷的目的是什么|预冷是指采收分级后的李通过设施设备迅速将温湿度降低到适宜贮藏或稍高于贮藏温度的一种方式，从而尽快除去田间热和呼吸热，以此来降低果实内部的生理生化反应，减少营养成分的消耗和腐烂损失，最大限度地保持果实原来的新鲜品质。|126
723|压差预冷是什么方法？|压差预冷是在强制通风预冷方法基础上改进的一种预冷方法。通过在冷库中安装压差预冷装置，产生压力差，将产品快速冷却。|127
724|库房空气预冷是如何进行的？|库房空气预冷是指将采后的李直接放在冷藏库内进行预冷，通过空气自然对流或者风机送入冷风，使冷风在果品筐(箱)周围循环，筐(箱)因外层和内部存在温差，通过对流和传导逐渐使筐(箱)内果品温度降低，达到预冷目的。|127
725|李果在采收后如何进行预冷处理？|自然冷风预冷、库房空气预冷、强制通风预冷，压差预冷等。|127
726|自然冷风预冷是什么？|自然冷风预冷是一种简单易行的预冷方式，将采后的李在阴凉通风的地方放置一段时间，利用昼夜温差散去产品田间热的方法。|127
727|强制通风预冷是什么方法？|强制通风预冷是通过强制冷空气的高速循环使果品快速降温的方法，通常采用隧道式预冷装置。|127
728|李的贮藏前处理包括哪些方法？|物理措施如热激处理、冷冲击、变温、减压等；化学措施如使用氯化钙、1-甲基环丙烯、高锰酸钾和多菌灵等化学药剂进行处理。|128
729|李的短期贮藏方法是什么？|低温贮藏，温度为0~1℃，相对湿度为85%~95%，可贮藏7~14天。|128
730|中期贮藏李的方法是什么？|低温下自发气调贮藏，将预冷的李装入衬有聚乙烯塑料保鲜袋的木箱或塑料箱内，袋口对折，可贮藏15~20天。|128
731|长期贮藏李的方法是什么？|低温下气调贮藏，库内气体成分为氧气3%~5%、二氧化碳3%~5%，或使用1-甲基环丙烯(1-MCP)加硅胶窗处理，在冷库中贮藏时间可达到30~40天。|128
732|李在贮藏过程中会出现什么变化？|质地变软，呼吸高峰和乙烯产生高峰，颜色变化。|128
733|李在贮藏过程中，哪些因素需要被实时监控？|库内温度和湿度|129
734|在李贮藏过程中，为什么需要适时通风换气？|排除过多的二氧化碳、乙烯等气体，保证库内气流畅通|129
735|李贮藏的最佳温度范围是多少摄氏度？|0~1℃|129
736|如何防止李在贮藏过程中出现冷害？|将贮藏温度维持在0~1℃的环境，低于0℃就有发生冷害的危险。因此，在贮藏过程中，应定时观测和记录贮藏库的贮藏温度，维持贮藏温度在规定的范围内，并且尽量减少库内温度的波动，变幅不宜超过±0.5℃。|129
737|李在贮藏过程中对湿度和气体成分有什么要求？|李在贮藏过程中需要控制相对湿度在85%~95%，以防止失水萎蔫和维持商品价值。同时，应控制气体成分，保持氧气浓度在3%~5%，二氧化碳浓度略高但不超过8%，以抑制呼吸、延缓衰老和保持品质。|130
738|运输过程中应如何控制振动？|控制振动的方法包括优化运输方式、运输工具、货物放置位置，做好运输中的码垛工作，尽量减少果实在运输中的振动，杜绝野蛮装卸。|131
739|装载与堆码时应注意什么？|确保空气能够在整个车厢中自由流通，每件货物与车底板、壁板应有一定的间隙，避免热量直接传给货物，影响李果实品质。|131
740|如何保持运输过程中的湿度？|保持相对湿度在85%~95%之间，循环空气不得过干，可使用具有加湿装置的冷藏车或者加冰运输车，提高运输环境的湿度。|131
741|果实贮藏前后的运输方式和条件是什么？|果实贮藏前后的运输方式和条件包括：采收后直接上市销售的果实可进行常温或预冷保温运输，近距离可用常温运输并保持通风覆盖以防失水，中远距离宜进行预冷后低温运输；经冷藏或气调贮藏后出库的果实近距离运输可采用保温运输，中远距离宜采用冷藏车低温运输。|131
742|运输温度对果实的影响是什么？|适宜的低温运输有助于保持果品新鲜度和品质。李在2~3天的运输温度建议为0~7℃，5~6天的运输温度建议为0~3℃，要防止受冻受热和温度波动。|131
743|李高效生产及绿色防控技术的相关问题|答案|132
744|运输李时有哪些卫生要求？|运输工具必须安全无害且清洁，防止果品被污染；采用专用的果品运输工具，并在装运时彻底清洗或消毒运输工具；运输时应与其他非食用货物分开装运，严禁混装混放。|132
745|李的品质主要由哪些因素构成？|李品质主要由外观和众多内在因素的复合评价因子构成，可分为果实大小、色泽和芳香成分等感官品质，硬度、糖、酸、果胶和酚类物质等理化与营养品质，出汁率、黏度、褐变度等加工品质三个方面。|132
746|如何评价李的感官品质？|感官品质分析是一种通过视觉、嗅觉、触觉、味觉和听觉感知产品感官特性的科学方法，通常用于唤起、测量、分析和解释产品。|132
747|李在运输过程中如何防止低温伤害？|遮盖草席或草袋，使低温空气不直接与李接触。|132
748|李的理化与营养品质包括哪些指标|果实硬度、可食率以及糖、酸、维生素、叶绿素、膳食纤维、酚类、矿物质等物质的含量|133
749|果实色泽的测定方法是什么|色差计法，通过测定果皮和果肉的L*、a*、b*值来实现|133
750|李的果实大小如何分级|特级果、一级果、二级果及三级果|133
751|李的芳香成分主要有哪些物质|2-乙基-1-己醇、正辛醇、己醛、壬醛以及壬烯醛等醇醛类物质|133
752|李的果形指数有哪些类型|圆形或近圆形、扁圆形、椭圆形、圆锥形及长圆形|133
753|不同地区的脆李可食率范围是多少？|脆李的可食率在95%~98%之间。|134
754|李果实糖含量受哪些因素影响？|糖含量受品种、栽培技术、气候条件和成熟度的影响。|134
755|李高效生产及绿色防控技术的相关问题|答案|134
756|李果实中的酸主要是什么？|主要是有机酸。|134
757|果胶对果实硬度有什么影响？|果胶是影响果实硬度的主要因素之一。|134
758|酚类物质在水果中有什么作用？|具有抗氧化能力，能够延缓人体衰老，与果肉和果汁的褐变有关。|134
759|测定果胶的方法有哪些？|主要有咔唑比色法和D-半乳糖醛酸比色法。|134
760|重庆地区脆李的可溶性固形物含量范围是多少？|可溶性固形物含量在11%~16%之间。|134
761|如何测定李果实中的可滴定酸含量？|采用国际上通用的滴定法。|134
762|李果实可食率的定义是什么？|可食率是指可食部分质量占整果质量的百分比。|134
763|果胶存在于植物的哪些部分？|细胞壁和细胞内层。|134
764|影响出汁率的因素有哪些？|李的品种特性、成熟度、榨汁方法和榨汁效能|135
765|哪种方法是测定总酚含量的主要方法？|福林-酚法|135
766|在加工过程中，褐变是如何影响李产品的？|影响产品的整体色泽和消费者可接受程度|135
767|李的加工特性包括哪些方面？|出汁率和褐变度|135
768|李果实中分离鉴定出的主要酚类物质有哪些类别？|酚酸、黄烷醇、黄酮醇和花青苷|135
769|请问测定李果汁黏度的方法有哪些？|测定李果汁黏度的方法包括流变仪法、滚动落球黏度计法和黏度计法等。|136
770|请问巫山脆李的理化指标包括哪些内容？|巫山脆李的理化指标包括可溶性固形物、可滴定酸和可食率等方面。|136
771|请问巫山脆李的感官指标包括哪些内容？|巫山脆李的感官指标包括果实完整度、色泽、风味和形态等方面。|136
772|请问巫山脆李的分级指标包括哪些内容？|巫山脆李的分级指标包括特级果和一级果的单果重、果形、酸甜适口度、脆嫩化渣程度和汁多味香等方面。|136
773|请问李果汁的黏度主要受哪些因素的影响？|李果汁的黏度主要受品种和成熟度的影响。|136
774|李果实可以加工成哪些产品？|李果实可以加工成果脯、话李、果汁、果酒、罐头、益生菌饮料、脆片等产品。|137
775|李果实的加工需要哪些主要加工设施设备？|李果实的加工需要清洗设备（如鼓泡清洗机、毛刷清洗机、强流除水机）、预处理设备（如李果去核机或手持去核器）、渗糖设备（如夹层锅或真空渗糖罐）以及干制设备（如烘房或烘箱，包括电热、红外线、微波、热泵等类型）。|137
776|什么是李贮运保鲜与加工的第五章主要内容？|李贮运保鲜与加工的第五章主要介绍了李果实的二级果标准、安全要求，以及李果实的加工方法和加工产品的类型。|137
777|李低糖果脯有什么优势？|李低糖果脯的优势在于其质地柔软、味佳形美、营养方便、耐贮藏，同时由于含糖量较低，过多食用也不利于身体健康，因此将成为消费主流。|137
778|李果实的二级果标准是什么？|李果实的二级果标准是单果重在35到40克之间，且酸甜适口，脆嫩化渣，汁多味香，果粉中等。|137
779|渗糖的方式有哪些？|煮制渗糖、真空渗糖。|138
780|制糖液的配方包括哪些成分？|白砂糖、填充剂、植酸或植酸钠、食盐、柠檬酸、亚硫酸氢钠。|138
781|在李高效生产中，原料的选择标准是什么？|挑选果大、肉质厚、完熟、未软化的无腐烂褐变李为原料,污染物和农药残留符合GB2762、GB2763的要求。|138
782|渗糖后的李坯如何进行干制？|渗糖后的李坯均匀放置在烘筛上，连续烘制8~16小时，温度控制在55~60℃。|138
783|李果预处理中，含核型和去核型的处理方式分别是什么？|含核型采用人工或机械进行表面划纹处理，去核型采用人工手持去核器或专用李果去核机进行去核。|138
784|请问李高效生产及绿色防控技术中的工艺流程包括哪些步骤？|清洗、预处理、制糖液、渗糖、干制。|138
785|话李的制作工艺是什么？|话李的制作工艺由半成品李坯加工而成，不同风味的話李可以通过配方调整来实现，具体的加工工艺基本相同。|139
786|话李有哪些风味？|话李具有甜、酸、咸等风味。|139
787|话李有什么作用？|话李含在口里有生津止渴之效，深受人们的喜爱。|139
788|腌制脱盐过程中使用的设备有哪些？|腌制池（或腌制大缸）、脱盐池。|140
789|料液配置设备是什么？|电热搅拌夹层锅。|140
790|脱水与干制设备有哪些？|三足脱水机或强流除水机、热风烘干机。|140
791|清洗李果时可以采用哪些方法？|可以采用人工清洗或水果清洗设备清洗表面灰尘、污物、腐叶，并自然沥干或用强流除水设备除水。|140
792|在选择李原料时应考虑哪些因素？|应选择果大、肉质厚、完熟、未软化的李作原料，以红心李品种最佳。|140
793|：腌制李果有哪些方法？|：湿法腌制和干法腌制两种方法。|140
794|预处理过程中如何打皮？|可以采用打皮机加入粗盐共打，经滚筒转动而达到打皮目的；或采用砂轮把果皮表面打伤，或做一块有钉的木板让李在上面滚动而破皮。|140
795|李高效生产中使用的预处理设备是什么？|打皮机。|140
796|李果加工的工艺流程包括哪些步骤？|清洗原料、预处理、腌制、干燥和脱盐处理、脱水、浸制、烘干处理、包装。|140
797|李高效生产中使用的清洗设备有哪些？|鼓泡清洗机、毛刷清洗机、强流除水机。|140
798|李子加工过程中的污染物限量应符合哪个标准？|GB2762的规定|141
799|李子加工过程中的一个重要步骤是什么？|干燥|141
800|流水脱盐相比多次浸泡脱盐的优势是什么？|流水脱盐可有效缩短脱盐时间|141
801|李子加工中的脱盐过程有哪些方法？|脱盐可采用多次浸泡脱盐或流水脱盐两种方式|141
802|李子在加工过程中如何控制含水量？|将腌制好的李坯捞出曝晒或烘干，再经过回软和复晒(复烘干)至表面出现盐霜为止，李坯含水量控制在20%~22%|141
803|干制过程中的温度和含水量要求是什么？|在65℃下烘干至含水量≤20%|141
804|成品李子的感官要求有哪些？|香味浓郁，质地柔嫩细软，甜咸适口，具有原料品种应有的形态、色泽、组织、滋味和气味，无异味，无霉变，无杂质|141
805|成品李子的理化指标有哪些？|含水量15%~20%,总糖(以葡萄糖计)≤40%,氯化钠≤8%|141
806|多次浸泡脱盐的标准是什么？|每次浸泡用水以漫过李坯为宜，2~3小时换水1次，至少换水3次以上才能达到加工要求|141
807|浸制过程中的翻拌频率是多少？|每天翻拌1次|141
808|脱盐完毕的标志是什么？|果肉稍带点咸味，含1%~2%食盐时脱盐完毕|141
809|料液配制中可以添加哪些食品添加剂？|甘草、食盐、白砂糖、甜蜜素、柠檬酸、香兰素、茴香等|141
810|李子加工中的脱水过程是如何进行的？|通过脱水设备脱去表面多余水分，然后采用晒或烘的方式使脱盐坯失水至半干状态|141
811|李果酒的制作工艺流程是怎样的？|清洗李果原料，打浆制汁，调整果汁成分，加入酵母发酵，酒渣分离，陈酿，澄清处理，成分调配，封缸贮藏，过滤灌装封装成成品|142
812|李果酒的主要加工设施设备有哪些？|夹层锅、鼓泡清洗机、毛刷清洗机、强流除水机、双道去皮去核打浆机、硅藻土过滤机、定量液体灌装机|142
813|李果酒的制作操作要点有哪些？|选择完熟、组织未软化、无霉变、无褐变、无腐烂及病虫害的李果实作为加工原料，污染物及农药残留应符合GB2762、GB2763的要求；清洗时加入次氯酸钠50~100毫克/升，并自然沥干或使用强流除水设备除水。|142
814|李果酒的制作过程中需要添加多少白砂糖？|适量白砂糖|143
815|李果酒发酵的最佳温度是多少？|20~22℃|143
816|李果酒发酵需要多长时间？|14天左右|143
817|李果酒在陈酿期间需要定期进行什么操作？|倒罐|143
818|在李罐头加工过程中，菌落总数和大肠菌群的限量分别是多少？|菌落总数≤50CFU/毫升，大肠菌群≤3MPN|144
819|在李罐头加工过程中，致病菌（沙门氏菌、志贺氏菌、金黄色葡萄球菌）的检出情况如何？|不得检出|144
820|李果去皮漂洗过程中使用的氢氧化钠溶液的浓度是多少？|3%|144
821|李罐头加工过程中，用于杀菌的设备是什么？|双层水浴式杀菌釜|144
822|李罐头加工过程中，原料的选择标准是什么？|选择完熟，组织未软化，无霉变、无褐变、无腐烂及病虫害的李果实作为加工原料，李果实污染物及农药残留应符合GB2762、GB2763的要求。|144
823|李高效生产及绿色防控技术中，污染物的限量应符合哪个国家标准？|GB2762|144
824|在李罐头加工过程中，用于封罐的设备是什么？|负压封口机|144
825|在李果真空封口过程中，抽空时间和真空度分别是多少？|抽空时间为3~5秒,真空度为0.8~0.9兆帕。|145
826|李果脆片的微生物限量应符合什么标准？|应符合罐头食品商业无菌要求，致病菌(沙门氏菌、志贺氏菌、金黄色葡萄球菌)不得检出。|145
827|李果脆片的制作工艺流程包括哪些步骤？|清洗、去核切片、预冻处理、冻干、分级和包装。|145
828|李果脆片是如何制作的？|首先对李果原料进行清洗，然后去核切片，接着进行预冻处理，之后使用真空冻干设备将其冻干，最后对制成的李果脆片进行分级并包装成成品。|145
829|在李果脆片的制作过程中，为什么要进行预冻处理？|预冻处理可以防止果片在冻干过程中由于温度梯度导致的热应力而破裂。|145
830|高效生产及绿色防控技术中，主要的加工设施设备有哪些？|洗设备包括鼓泡清洗机、毛刷清洗机、强流除水机；去核、切片设备包括李果去核机或手持去核器、果蔬切片机；预冻设备包括隧道速冻机(箱式速冻机、低温冻库)；干制设备为真空冻干设备；包装设备为果蔬充氮包装机。|146
831|高效生产及绿色防控技术中，包装时应该放入什么？|装时应根据净含量放入适量的吸湿剂。|146
832|李高效生产及绿色防控技术中，操作要点包括什么？|料选择、清洗、去核(切片)、预冻、冻干、分拣和包装。|146
833|李高效生产及绿色防控技术中，冻干过程的温度变化是怎样的？|在-45℃冻结2小时，然后逐步升温，在-40℃冻干2小时，-30℃冻干2小时，-20℃冻干2小时，-10℃冻干2小时，0℃冻干2小时，10℃冻干2小时，20℃冻干2小时，30℃冻干20小时。干燥时间和物料厚度、物料质地有关，总体需要36小时左右。|146
834|高效生产及绿色防控技术中，原料选择的标准是什么？|择完熟、组织未软化、无疤痕、无损伤、无腐烂褐变的李果实，且质地适宜刀具切片或去核的硬脆度，可溶性固形物含量在12%以上的李果实最佳。|146
835|制作李果酱时原料挑选有哪些注意事项？|选择达到硬熟期及完熟期的李，各种品种都适合加工成果酱，红果品种最佳。去除腐烂、褐变、发酵的李，并去除树叶、树枝及其他异物等，未发生褐变、腐烂、发酵的损伤、裂口果可作为加工原料。|147
836|请问李果酱的主要加工设备有哪些？|气泡清洗机、毛刷清洗机、强流除水机、玻璃瓶清洗机、双道去皮去核打浆机、可倾式自动搅拌夹层锅、全自动计量酱料灌装机(或半自动酱料灌装机)、玻璃瓶真空封口机、喷淋杀菌机。|147
837|李果酱的制作工艺流程是怎样的？|挑选达到硬熟期及完熟期的李，去除腐烂、褐变、发酵的李，并去除树叶、树枝及其他异物等，未发生褐变、腐烂、发酵的损伤、裂口果可作为加工原料。然后对挑选出的原料进行清洗，并采用仁果打浆机将李打成原浆，随后对原浆进行调配并加热浓缩后装罐并密封，然后对罐头进行杀菌，冷却后将其包装得到李果酱成品。|147
838|李高效生产及绿色防控技术的具体步骤是怎样的？|李高效生产及绿色防控技术的步骤包括清洗、破碎打浆、加热浓缩、洗瓶、装罐及密封和杀菌冷却。|148
839|在李果酱的生产过程中，原浆是如何处理的？|在李果酱的生产过程中，原浆是通过破碎打浆机将李打成原浆，并在打浆过程中添加0.2%~0.5%的D-异抗坏血酸钠和0.04‰~0.06‰乙二胺四乙酸二钠进行护色处理。|148
840|李果酱在装罐封口时的温度要求是多少？|李果酱在装罐封口时的温度要求在80℃以上，以防止微生物污染。|148
841|李果酱的产品质量要求有哪些？|李果酱的产品质量要求包括感官指标、理化指标、污染物限量和微生物限量。感官指标要求具有该产品应有的色泽、口味和酱体特性；理化指标要求可溶性固形物含量在45.0%~55.0%之间；污染物限量要求符合GB2762的规定；微生物限量要求菌落总数≤100CFU/克，大肠菌群≤3MPN，致病菌不得检出。|148
842|李贮运保鲜与加工的主要参考文献有哪些|曹建康，姜微波，赵玉梅，等，2007；程云清，2003；孟坤，2010；余德亿，黄鹏，方大琳，等，2011；赵镭，汪厚银，刘文，2007；郑永华，2006；Stone H, Side JL, 2008.|149
